session_id,user_id,profile,total_event_count,click_count,page_view_count,search_count,add_to_cart_count,purchase_count,session_duration_sec,avg_price,click_rate,cart_rate,actual_label,finalize_reason,processed_at
f842070e-c489-4fc6-b3bb-b5734dacf0ee,15,browser,4,2,2,0,0,0,90.0,1428.7624999999998,0.5,0.0,0,idle_timeout,2026-05-12T19:43:26.078250
bfd56601-070d-4bf8-ae79-2523d563d054,52,browser,3,1,2,0,0,0,139.0,2525.0,0.3333333333333333,0.0,0,idle_timeout,2026-05-12T19:43:28.082614
615f0fcc-0dcb-4537-992b-21e2b930701d,22,buyer,5,1,2,1,0,1,158.0,2729.906,0.2,0.0,1,purchase_event,2026-05-12T19:43:29.084288
6a44df41-2978-47f8-a586-a131d0ca49df,13,interested,7,5,2,0,0,0,298.0,2309.827142857143,0.7142857142857143,0.0,0,idle_timeout,2026-05-12T19:43:30.099194
de5f6e4a-711a-4ecf-8837-defd80f24bde,73,buyer,6,1,1,0,3,1,240.0,3426.286666666667,0.16666666666666666,0.5,1,purchase_event,2026-05-12T19:43:33.094239
afd82e45-f3fd-4d64-b59f-9e08ace3f1c8,62,interested,7,2,3,0,2,0,392.0,1692.8942857142858,0.2857142857142857,0.2857142857142857,0,idle_timeout,2026-05-12T19:43:34.102828
06579022-d54a-41bb-9483-ea3d1d2dbb98,58,browser,5,2,2,1,0,0,136.0,3540.304,0.4,0.0,0,idle_timeout,2026-05-12T19:43:38.102596
4f9f1535-06a8-478e-8068-5ea5943b3e20,45,interested,4,0,1,0,3,0,179.0,3086.385,0.0,0.75,0,idle_timeout,2026-05-12T19:43:40.115135
16867560-296b-40e9-8fcc-3604d08c6aae,95,browser,6,2,3,1,0,0,214.0,2940.795,0.3333333333333333,0.0,0,idle_timeout,2026-05-12T19:43:42.117473
bbb34896-9340-4803-93ac-2f095b60ce7a,88,buyer,5,1,1,0,2,1,192.0,3271.748,0.2,0.4,1,purchase_event,2026-05-12T19:43:43.118762
effd6f09-570a-4c2f-b423-25d26fa5e818,2,browser,4,1,1,2,0,0,183.0,1013.9575,0.25,0.0,0,idle_timeout,2026-05-12T19:43:44.126868
682b1306-9418-4448-be4a-c09585e23a68,99,browser,3,2,1,0,0,0,127.0,974.9133333333333,0.6666666666666666,0.0,0,idle_timeout,2026-05-12T19:43:48.141323
aaf2e0e7-650e-4456-8601-bbdf2f04fde5,27,interested,7,3,0,2,2,0,374.0,2722.9871428571428,0.42857142857142855,0.2857142857142857,0,idle_timeout,2026-05-12T19:43:50.144982
c79ce541-7dc7-4d07-a1ca-1755ccc4c1ac,74,interested,4,3,1,0,0,0,151.0,1226.4925,0.75,0.0,0,idle_timeout,2026-05-12T19:43:52.145317
d8e21db2-581d-43eb-b1ee-f2ac21b9ed93,7,browser,4,2,2,0,0,0,231.0,3898.7650000000003,0.5,0.0,0,idle_timeout,2026-05-12T19:43:54.143469
e74fd5aa-ff96-4811-b15c-175a65504020,73,interested,7,3,2,2,0,0,283.0,1899.9585714285713,0.42857142857142855,0.0,0,idle_timeout,2026-05-12T19:43:56.148290
aba1cc46-acc9-4c1f-bfb1-93718f9a5f69,90,buyer,8,2,2,0,3,1,410.0,2359.8325,0.25,0.375,1,purchase_event,2026-05-12T19:43:57.156750
d7b4a359-40ec-4bc4-a861-2e7c6afd3a19,70,browser,4,3,1,0,0,0,192.0,1388.3225,0.75,0.0,0,idle_timeout,2026-05-12T19:43:58.167772
f0fa1a08-137c-4f5c-ace7-f00ddf57c86b,60,interested,4,0,3,1,0,0,186.0,3435.9775,0.0,0.0,0,idle_timeout,2026-05-12T19:44:02.172623
c6b8ab6b-e8de-4e5e-bd37-21715dc0dfd6,48,browser,5,1,3,1,0,0,191.0,1918.8440000000003,0.2,0.0,0,idle_timeout,2026-05-12T19:44:04.177522
15f060d7-25ab-4a5b-b0ce-d84356baf28b,44,browser,5,2,2,1,0,0,240.0,3069.6279999999997,0.4,0.0,0,idle_timeout,2026-05-12T19:44:06.182328
9e25abc8-38d7-4857-ab13-9375712d25e3,66,browser,5,2,2,1,0,0,163.0,1736.066,0.4,0.0,0,idle_timeout,2026-05-12T19:44:08.185585
7885d107-b1cd-48e2-8e05-9c5550b06f97,8,browser,3,0,3,0,0,0,124.0,3815.866666666667,0.0,0.0,0,idle_timeout,2026-05-12T19:44:10.185312
43a8099f-69bc-48a9-b250-354f141c6c9e,39,buyer,8,2,2,1,2,1,374.0,2447.49375,0.25,0.25,1,purchase_event,2026-05-12T19:44:11.193345
5f9ee702-7ec2-48aa-bc03-f88aeaf3efd8,69,browser,6,2,4,0,0,0,118.0,2901.5849999999996,0.3333333333333333,0.0,0,idle_timeout,2026-05-12T19:44:12.198087
1dafabc7-02a9-4a79-b5bb-b451b97516d4,96,interested,6,3,1,1,1,0,266.0,3234.135,0.5,0.16666666666666666,0,idle_timeout,2026-05-12T19:44:16.209502
cf894436-32dd-45c4-a3d0-5fbae4a21753,85,browser,5,1,3,1,0,0,241.0,1699.0900000000001,0.2,0.0,0,idle_timeout,2026-05-12T19:44:18.206682
c5c5dda2-0f09-4969-8c15-e93efcc356a4,12,browser,3,1,1,1,0,0,120.0,4555.423333333333,0.3333333333333333,0.0,0,idle_timeout,2026-05-12T19:44:20.215597
cb6c83ac-3c07-4763-a88e-278eed02d577,66,interested,4,2,1,1,0,0,168.0,3462.2175,0.5,0.0,0,idle_timeout,2026-05-12T19:44:22.220499
42741b50-11e3-40ea-a60d-28a414122c98,38,browser,4,1,2,1,0,0,214.0,2740.9325,0.25,0.0,0,idle_timeout,2026-05-12T19:44:24.219771
00bfacb1-cfbf-4297-9610-ca7e30f0fb19,75,buyer,6,0,3,0,2,1,239.0,2768.2666666666664,0.0,0.3333333333333333,1,purchase_event,2026-05-12T19:44:25.224208
15af72a4-0b97-4be6-ba57-ac36dd7d7941,51,browser,5,2,2,1,0,0,296.0,1845.5940000000003,0.4,0.0,0,idle_timeout,2026-05-12T19:44:26.234311
eb78221e-fec1-416c-9912-311b519f9f9f,60,interested,6,3,0,1,2,0,259.0,2429.965,0.5,0.3333333333333333,0,idle_timeout,2026-05-12T19:44:30.229197
0cfc94dc-4fa0-4b3f-b00c-ba87fa0ea77f,55,buyer,7,2,2,0,2,1,301.0,2365.815714285715,0.2857142857142857,0.2857142857142857,1,purchase_event,2026-05-12T19:44:31.237462
27526f22-c021-46aa-9915-7f3a33800893,23,browser,3,2,1,0,0,0,83.0,1984.57,0.6666666666666666,0.0,0,idle_timeout,2026-05-12T19:44:32.242847
0cf9058c-3102-4ca5-a50a-d3f8f8937f5b,21,interested,5,0,1,2,2,0,245.0,2470.722,0.0,0.4,0,idle_timeout,2026-05-12T19:44:36.249580
2bc8d37d-20f1-4895-9925-fced31178340,55,browser,4,1,2,1,0,0,197.0,3590.0099999999998,0.25,0.0,0,idle_timeout,2026-05-12T19:44:38.263644
82ce2a4c-0ff3-4c79-8bf9-173cc11b2561,78,browser,7,2,3,2,0,0,232.0,2215.2485714285713,0.2857142857142857,0.0,0,idle_timeout,2026-05-12T19:44:40.261718
805f481f-8494-449d-8336-ad111746e140,17,browser,4,1,2,1,0,0,118.0,2125.75,0.25,0.0,0,idle_timeout,2026-05-12T19:44:42.268449
be945976-6544-45a7-bd31-2cd2d6f71401,24,browser,6,0,3,3,0,0,246.0,2031.2933333333333,0.0,0.0,0,idle_timeout,2026-05-12T19:44:45.261178
b10830f2-2ab5-45ff-bc53-35a30090fdec,69,buyer,8,3,0,0,4,1,288.0,2392.4849999999997,0.375,0.5,1,purchase_event,2026-05-12T19:44:45.274344
1d414982-c29a-4b65-be7c-89c663c69664,94,interested,4,2,1,0,1,0,118.0,2783.4125,0.5,0.25,0,idle_timeout,2026-05-12T19:44:46.280706
29214e23-0754-48bd-bd64-db2dec556c2d,61,browser,5,1,4,0,0,0,232.0,3864.542,0.2,0.0,0,idle_timeout,2026-05-12T19:44:50.289350
9f97aa62-9dde-4916-b0d2-aa73a72ab798,21,browser,7,3,4,0,0,0,253.0,2667.1614285714286,0.42857142857142855,0.0,0,idle_timeout,2026-05-12T19:44:52.297737
c6712ba9-1b08-42ed-b0eb-37398b34414a,74,browser,4,0,4,0,0,0,186.0,1261.3449999999998,0.0,0.0,0,idle_timeout,2026-05-12T19:44:54.295001
628a98de-b314-41dc-8e31-9dcfd6307245,43,browser,3,1,2,0,0,0,28.0,2631.15,0.3333333333333333,0.0,0,idle_timeout,2026-05-12T19:44:56.303206
e60c69a9-10f5-46c9-9c0f-e6d2fe02b25b,96,browser,3,2,1,0,0,0,172.0,1929.243333333333,0.6666666666666666,0.0,0,idle_timeout,2026-05-12T19:44:58.308462
0eb695d7-9629-4546-bbbb-feb9a920cbf6,92,interested,5,2,1,0,2,0,161.0,3186.87,0.4,0.4,0,idle_timeout,2026-05-12T19:45:00.315381
640f56bb-7348-4abc-8d3c-d24020c1a1d9,63,browser,4,3,1,0,0,0,174.0,2699.175,0.75,0.0,0,idle_timeout,2026-05-12T19:45:02.312503
a5a4afda-f35e-49aa-918e-b26e2856c02f,59,browser,4,0,4,0,0,0,96.0,1249.9875,0.0,0.0,0,idle_timeout,2026-05-12T19:45:04.324241
f2ddf8ba-5735-4074-802b-73395e5fb772,30,buyer,5,0,3,0,1,1,193.0,1819.5639999999999,0.0,0.2,1,purchase_event,2026-05-12T19:45:05.317420
eeede68b-558a-4a4a-899a-440fcb3afcba,46,browser,4,1,2,1,0,0,140.0,2708.72,0.25,0.0,0,idle_timeout,2026-05-12T19:45:06.327113
74b7581e-ea8b-4219-983e-7ca7f8a42332,24,buyer,6,2,0,0,3,1,298.0,2585.6733333333336,0.3333333333333333,0.5,1,purchase_event,2026-05-12T19:45:07.326732
65657bfd-be03-42b5-87cd-ae93832a7ab1,87,browser,7,3,2,2,0,0,250.0,3989.1985714285715,0.42857142857142855,0.0,0,idle_timeout,2026-05-12T19:45:12.346025
fea1a7dc-d1d2-4610-a969-a7ca329d5b60,69,interested,4,0,3,1,0,0,113.0,1322.8875,0.0,0.0,0,idle_timeout,2026-05-12T19:45:14.349565
da15a6c4-6a97-4469-99ad-4f9a35bd3f85,19,interested,7,3,4,0,0,0,290.0,2437.2628571428572,0.42857142857142855,0.0,0,idle_timeout,2026-05-12T19:45:16.366386
4fc1afb5-6398-47bb-9e97-90060ba601f2,10,interested,7,3,2,1,1,0,409.0,1828.8485714285714,0.42857142857142855,0.14285714285714285,0,idle_timeout,2026-05-12T19:45:18.362122
b849877f-641d-42bf-aa8a-3792269cc77a,9,buyer,7,0,1,2,3,1,254.0,2597.261428571429,0.0,0.42857142857142855,1,purchase_event,2026-05-12T19:45:19.362466
a2d43e21-256a-480c-9b8e-c3a7c820e5ef,47,browser,3,2,0,1,0,0,106.0,2239.9100000000003,0.6666666666666666,0.0,0,idle_timeout,2026-05-12T19:45:20.377217
cc88922a-e2f4-424d-a4a1-8600e24f9acf,27,browser,6,1,5,0,0,0,219.0,2966.0783333333334,0.16666666666666666,0.0,0,idle_timeout,2026-05-12T19:45:24.373065
d06fef0a-30da-456b-97c6-6878a9651427,44,buyer,5,2,1,0,1,1,190.0,2771.474,0.4,0.2,1,purchase_event,2026-05-12T19:45:25.373015
22d0fa52-c553-4f08-b2f2-b9df96099a17,31,browser,3,2,0,1,0,0,105.0,1250.7333333333333,0.6666666666666666,0.0,0,idle_timeout,2026-05-12T19:45:26.388969
ab8357e9-e076-4925-9cab-81b0efa0623b,28,buyer,8,1,3,0,3,1,387.0,2935.0612499999997,0.125,0.375,1,purchase_event,2026-05-12T19:45:27.386625
8a921033-cd31-4ffd-b10a-1d9ca459f419,63,browser,6,4,2,0,0,0,259.0,2317.595,0.6666666666666666,0.0,0,idle_timeout,2026-05-12T19:45:32.403983
f54b3342-47f3-42b6-a969-b03dcf954f97,20,browser,4,1,2,1,0,0,127.0,2870.24,0.25,0.0,0,idle_timeout,2026-05-12T19:45:34.405048
65a30359-f049-44d9-b0b4-fcb13ea2839d,17,browser,6,1,4,1,0,0,255.0,2114.661666666667,0.16666666666666666,0.0,0,idle_timeout,2026-05-12T19:45:36.404866
3333434c-2f66-4f15-aee9-648c684847cd,22,browser,6,1,5,0,0,0,256.0,2258.935,0.16666666666666666,0.0,0,idle_timeout,2026-05-12T19:45:38.409229
7a8d2b24-6ba7-49f0-b371-454b542e9a05,55,buyer,8,2,2,1,2,1,348.0,2216.8825,0.25,0.25,1,purchase_event,2026-05-12T19:45:39.418965
e5f2c497-ab11-4249-83ad-d6c4cbceee3a,35,interested,4,1,2,1,0,0,134.0,1939.65,0.25,0.0,0,idle_timeout,2026-05-12T19:45:40.433252
9092aec3-1ec6-4cb4-8705-c310f939a8a3,92,buyer,7,1,0,1,4,1,339.0,2372.7799999999997,0.14285714285714285,0.5714285714285714,1,purchase_event,2026-05-12T19:45:43.429829
5d3bfd35-ae15-44df-859c-01b9bf7f1d93,25,browser,6,5,0,1,0,0,222.0,2563.3400000000006,0.8333333333333334,0.0,0,idle_timeout,2026-05-12T19:45:44.442990
2ed82a53-c2b5-42ac-a581-7ca8554071d8,7,browser,5,2,2,1,0,0,242.0,2170.386,0.4,0.0,0,idle_timeout,2026-05-12T19:45:48.448890
ca683c49-54bd-44f4-8ffa-03e360c1422a,23,browser,3,1,2,0,0,0,99.0,2197.6966666666667,0.3333333333333333,0.0,0,idle_timeout,2026-05-12T19:45:50.449349
80f3838d-01cb-4420-9761-fe97af90818f,40,browser,7,3,2,2,0,0,378.0,2494.882857142857,0.42857142857142855,0.0,0,idle_timeout,2026-05-12T19:45:52.445768
5291e395-7f2e-4127-af39-7de16d4b7632,41,browser,3,1,1,1,0,0,99.0,3018.94,0.3333333333333333,0.0,0,idle_timeout,2026-05-12T19:45:54.466370
d3e16b3a-2cd6-4f08-8eab-42d623c096f5,35,buyer,5,1,2,1,0,1,322.0,1594.552,0.2,0.0,1,purchase_event,2026-05-12T19:45:55.456771
930f0b4a-8c12-4a8b-8eb2-5ca10b52911b,24,interested,7,1,0,1,5,0,300.0,2231.6071428571427,0.14285714285714285,0.7142857142857143,0,idle_timeout,2026-05-12T19:45:56.473677
91db7f9d-3523-4912-986a-e11a20987fae,18,buyer,7,1,2,0,3,1,295.0,1622.5314285714285,0.14285714285714285,0.42857142857142855,1,purchase_event,2026-05-12T19:45:59.479021
079b5491-31d0-4b48-9f1c-5edbac33c62f,25,interested,8,6,1,1,0,0,282.0,2489.8975,0.75,0.0,0,idle_timeout,2026-05-12T19:46:00.490699
273105c6-927c-48a7-8a9c-b5653b48db64,50,browser,6,3,3,0,0,0,290.0,1780.733333333333,0.5,0.0,0,idle_timeout,2026-05-12T19:46:04.485434
fd8ac1be-44f5-42e3-9714-075e745e68f5,24,interested,6,2,2,2,0,0,266.0,2497.695,0.3333333333333333,0.0,0,idle_timeout,2026-05-12T19:46:06.500462
5e87cb77-9273-4f92-9eeb-e234bb357a53,72,interested,7,1,3,1,2,0,325.0,2722.997142857142,0.14285714285714285,0.2857142857142857,0,idle_timeout,2026-05-12T19:46:08.512736
91519756-c389-41da-b35f-2b9c6c86b75e,30,buyer,6,2,0,0,3,1,211.0,3129.183333333334,0.3333333333333333,0.5,1,purchase_event,2026-05-12T19:46:09.503991
0855d556-5bf5-4148-a2e5-f2644fd42707,53,browser,4,3,1,0,0,0,171.0,1910.96,0.75,0.0,0,idle_timeout,2026-05-12T19:46:10.507709
8eb27ec9-c6dc-43ce-a74e-a83e8c3a7e41,73,browser,7,2,5,0,0,0,416.0,3073.3728571428574,0.2857142857142857,0.0,0,idle_timeout,2026-05-12T19:46:14.519414
4153bba4-62e9-4832-bfb1-0cb459dc350c,81,interested,8,3,1,4,0,0,439.0,2412.94875,0.375,0.0,0,idle_timeout,2026-05-12T19:46:16.533612
5611d178-f649-4ae4-8168-6c53ce22e902,32,browser,7,3,3,1,0,0,299.0,3275.484285714286,0.42857142857142855,0.0,0,idle_timeout,2026-05-12T19:46:18.527953
6a0b234f-173b-4d28-af73-c4eba608368c,1,browser,4,1,2,1,0,0,125.0,1965.93,0.25,0.0,0,idle_timeout,2026-05-12T19:46:20.536315
b57bd73d-9639-4b18-8d57-63cfdd10992e,26,interested,8,3,3,1,1,0,309.0,2436.31875,0.375,0.125,0,idle_timeout,2026-05-12T19:46:22.550693
08bb8b98-3032-44e7-ac78-0c0b85be6fb1,9,interested,6,1,4,1,0,0,305.0,2805.646666666667,0.16666666666666666,0.0,0,idle_timeout,2026-05-12T19:46:24.556919
27151f87-b9da-4c12-a6c1-e012d24b0dd2,64,browser,6,1,4,1,0,0,225.0,1692.8433333333335,0.16666666666666666,0.0,0,idle_timeout,2026-05-12T19:46:26.558424
63781105-376c-4821-a81d-3e0bdf61be15,37,browser,7,3,4,0,0,0,260.0,2560.197142857143,0.42857142857142855,0.0,0,idle_timeout,2026-05-12T19:46:28.570747
bd5daef9-abdc-422f-a1a2-075a8219a929,67,interested,6,0,2,3,1,0,216.0,3248.473333333333,0.0,0.16666666666666666,0,idle_timeout,2026-05-12T19:46:30.566929
bc73e3e4-1193-4fe3-8c09-37be2acb4bf2,77,buyer,6,3,0,0,2,1,320.0,3184.9750000000004,0.5,0.3333333333333333,1,purchase_event,2026-05-12T19:46:31.568934
ac7a14a7-c6f7-4f69-b5cf-c14e3e7c0192,9,browser,4,1,2,1,0,0,171.0,1299.5975,0.25,0.0,0,idle_timeout,2026-05-12T19:46:32.572242
ca4b1870-50c0-46dc-b9df-a4b8f502eb07,89,interested,7,2,2,1,2,0,333.0,2655.837142857143,0.2857142857142857,0.2857142857142857,0,idle_timeout,2026-05-12T19:46:36.585194
70b740cd-903c-4256-9428-f14286cbd5c0,19,buyer,7,2,1,0,3,1,352.0,2675.931428571428,0.2857142857142857,0.42857142857142855,1,purchase_event,2026-05-12T19:46:37.587272
7d1befc3-a392-4608-9e2a-2452c11292ed,59,browser,6,2,3,1,0,0,326.0,1948.3266666666666,0.3333333333333333,0.0,0,idle_timeout,2026-05-12T19:46:38.591742
e31f861d-385c-4703-9866-72d9fbcca1ed,66,browser,3,0,3,0,0,0,118.0,2667.5266666666666,0.0,0.0,0,idle_timeout,2026-05-12T19:46:42.606493
bb739f25-73b1-41c1-a16a-6dc4d4aefb72,86,browser,5,0,5,0,0,0,182.0,1855.9940000000001,0.0,0.0,0,idle_timeout,2026-05-12T19:46:44.617303
6c427285-27f6-41f5-92e8-6d886dcca643,70,interested,8,5,2,1,0,0,301.0,1702.83,0.625,0.0,0,idle_timeout,2026-05-12T19:46:46.614444
58dfeea1-def8-4ab6-a5d0-436530a84784,100,browser,3,1,1,1,0,0,175.0,1774.8099999999997,0.3333333333333333,0.0,0,idle_timeout,2026-05-12T19:46:48.625435
5c65c4f5-78eb-4012-ac54-50299f4dddd9,60,browser,4,0,4,0,0,0,86.0,2365.6375,0.0,0.0,0,idle_timeout,2026-05-12T19:46:50.629074
91917ddd-ba4c-4552-91c2-55a1ce5a7140,62,browser,4,1,3,0,0,0,112.0,3411.2200000000003,0.25,0.0,0,idle_timeout,2026-05-12T19:46:52.632843
cc1a701d-5288-4b85-8157-986a58713f9c,97,interested,6,4,1,1,0,0,350.0,1882.0616666666665,0.6666666666666666,0.0,0,idle_timeout,2026-05-12T19:46:54.629198
390e05d5-10fd-46a0-981b-9f07cd1a302b,70,buyer,7,3,0,1,2,1,350.0,2517.4228571428575,0.42857142857142855,0.2857142857142857,1,purchase_event,2026-05-12T19:46:55.639595
db83171d-035c-4a87-ade8-d16aeedef2fc,90,browser,3,1,2,0,0,0,48.0,2928.376666666667,0.3333333333333333,0.0,0,idle_timeout,2026-05-12T19:46:56.654450
09be1f82-c229-4bd9-a737-6470e0fbe9d6,73,buyer,7,1,2,1,2,1,349.0,3385.21,0.14285714285714285,0.2857142857142857,1,purchase_event,2026-05-12T19:46:57.645502
8a1481a1-ac60-410a-b198-82074a098e4b,36,browser,5,1,3,1,0,0,123.0,3040.38,0.2,0.0,0,idle_timeout,2026-05-12T19:47:02.661518
ced4b51b-f514-4e85-b8a3-f5615eb55403,51,buyer,8,4,1,1,1,1,395.0,2275.1899999999996,0.5,0.125,1,purchase_event,2026-05-12T19:47:03.672101
21a12a69-a949-45cb-ba41-ff2bbd000a42,37,browser,3,0,2,1,0,0,83.0,3898.593333333333,0.0,0.0,0,idle_timeout,2026-05-12T19:47:04.677212
13c10486-e429-4081-9ae2-48e41e5b5e50,23,interested,5,2,2,0,1,0,197.0,2967.03,0.4,0.2,0,idle_timeout,2026-05-12T19:47:08.674124
a68f931b-684f-46ab-b218-27975f08c392,74,browser,6,1,3,2,0,0,227.0,2933.3050000000003,0.16666666666666666,0.0,0,idle_timeout,2026-05-12T19:47:10.691480
4da8d3c0-faf2-41a5-a928-ebae640af723,62,browser,6,2,3,1,0,0,276.0,2537.643333333334,0.3333333333333333,0.0,0,idle_timeout,2026-05-12T19:47:12.694100
98302ea2-2db7-4459-b19b-e63ce3b547c6,26,buyer,7,2,3,0,1,1,301.0,2882.5857142857144,0.2857142857142857,0.14285714285714285,1,purchase_event,2026-05-12T19:47:13.691755
46944c1c-fbd2-4dc0-bf87-5e8f47ff79f2,20,interested,8,2,2,4,0,0,369.0,3541.16625,0.25,0.0,0,idle_timeout,2026-05-12T19:47:14.695023
7ee21bf2-2414-455e-a8ad-e36ef098ae03,8,buyer,6,2,1,0,2,1,325.0,1829.1899999999998,0.3333333333333333,0.3333333333333333,1,purchase_event,2026-05-12T19:47:15.695935
cd2dbbcb-f882-47b5-8bac-9c5b7d1a5683,2,buyer,5,1,0,3,0,1,156.0,2008.9720000000002,0.2,0.0,1,purchase_event,2026-05-12T19:47:19.705205
0691a40d-6e2e-4b3d-bb34-f3f3f98a89d7,43,interested,8,2,4,1,1,0,292.0,2343.2149999999997,0.25,0.125,0,idle_timeout,2026-05-12T19:47:20.708499
2e7ef1bf-29ed-4528-aed0-b41793a3a80c,63,interested,6,2,2,0,2,0,272.0,2087.48,0.3333333333333333,0.3333333333333333,0,idle_timeout,2026-05-12T19:47:24.716493
07fb6250-09c7-4ef2-af92-cbd5005a8b1d,63,interested,4,1,1,0,2,0,175.0,2359.5899999999997,0.25,0.5,0,idle_timeout,2026-05-12T19:47:26.726596
0bde4776-76d9-4fd2-bb16-67327a1b0819,29,interested,5,1,2,1,1,0,267.0,2728.51,0.2,0.2,0,idle_timeout,2026-05-12T19:47:28.736434
56c842cf-e4c5-4f65-95db-4fc8a414520b,68,interested,4,0,2,2,0,0,126.0,3215.3475,0.0,0.0,0,idle_timeout,2026-05-12T19:47:30.737458
c3844ec3-1858-4739-98a7-7e418b4d6c41,43,interested,8,1,1,3,3,0,334.0,2343.7837500000005,0.125,0.375,0,idle_timeout,2026-05-12T19:47:32.741468
5a2dc9da-a1b4-43c6-990c-d3803ce879bc,88,browser,5,1,4,0,0,0,221.0,2494.014,0.2,0.0,0,idle_timeout,2026-05-12T19:47:34.740149
267a3ca7-325e-4ebb-9019-2c3960f7b9ff,43,browser,3,1,2,0,0,0,91.0,919.4599999999999,0.3333333333333333,0.0,0,idle_timeout,2026-05-12T19:47:36.749893
6f731f4f-0398-4ff7-8378-2f5c00436c15,28,interested,4,2,0,2,0,0,181.0,2062.9674999999997,0.5,0.0,0,idle_timeout,2026-05-12T19:47:38.748425
7d3bba4f-192c-4626-9528-5da779bc18d7,28,browser,3,1,2,0,0,0,117.0,2684.78,0.3333333333333333,0.0,0,idle_timeout,2026-05-12T19:47:40.760304
b85df2b9-ad11-4cae-8779-5e00cb08d722,15,buyer,6,1,1,1,2,1,301.0,2989.66,0.16666666666666666,0.3333333333333333,1,purchase_event,2026-05-12T19:47:41.759821
0e1ae3af-a07b-409a-b695-3263846f933d,27,browser,3,1,1,1,0,0,91.0,3244.096666666667,0.3333333333333333,0.0,0,idle_timeout,2026-05-12T19:47:42.766937
7d0629db-f208-4908-b2db-1f66f94a8598,37,interested,4,1,2,1,0,0,154.0,2367.7375,0.25,0.0,0,idle_timeout,2026-05-12T19:47:46.781739
619bd060-5d5d-4b12-a249-065ce20afab6,98,browser,6,3,3,0,0,0,206.0,2193.0799999999995,0.5,0.0,0,idle_timeout,2026-05-12T19:47:48.781317
6e9c73c8-e598-45f9-83fe-87c3d4490383,48,browser,4,0,4,0,0,0,205.0,1017.6324999999999,0.0,0.0,0,idle_timeout,2026-05-12T19:47:50.784669
ac34322b-3926-481a-8d15-bc6265e1c919,67,browser,3,0,2,1,0,0,136.0,3405.816666666667,0.0,0.0,0,idle_timeout,2026-05-12T19:47:52.789005
88de5afd-6271-40b2-a58b-bf507475dab4,33,interested,8,2,2,3,1,0,360.0,3098.85875,0.25,0.125,0,idle_timeout,2026-05-12T19:47:54.801669
4d2e3945-ddf5-4e26-90e9-93d3a8a3a584,26,browser,3,2,1,0,0,0,56.0,1638.7699999999998,0.6666666666666666,0.0,0,idle_timeout,2026-05-12T19:47:56.806407
2d3bee30-eca7-4ac6-8fea-4595d5d8e25d,81,browser,7,1,4,2,0,0,322.0,3427.7057142857143,0.14285714285714285,0.0,0,idle_timeout,2026-05-12T19:47:58.807940
4563c8dc-876b-4f6d-bbba-546860bc802f,98,buyer,5,2,0,0,2,1,219.0,2805.7699999999995,0.4,0.4,1,purchase_event,2026-05-12T19:47:59.808283
eb8109fb-502b-447d-bef3-fa4b5e473926,43,interested,7,2,3,1,1,0,348.0,2174.9714285714285,0.2857142857142857,0.14285714285714285,0,idle_timeout,2026-05-12T19:48:00.826026
6d719690-32f9-45b7-9396-4db3a0b4b5c7,68,browser,5,2,3,0,0,0,300.0,1060.35,0.4,0.0,0,idle_timeout,2026-05-12T19:48:04.831769
725755cc-0f0d-47e6-8aca-5b95a85d85db,10,interested,7,6,1,0,0,0,314.0,3002.915714285714,0.8571428571428571,0.0,0,idle_timeout,2026-05-12T19:48:06.840359
41ee5688-f9f2-414a-a1d7-2b2a96def978,28,browser,4,2,1,1,0,0,153.0,1740.3625,0.5,0.0,0,idle_timeout,2026-05-12T19:48:08.834884
e6ad5139-e2f7-4e00-9368-963beb594908,59,interested,4,2,0,1,1,0,128.0,3761.265,0.5,0.25,0,idle_timeout,2026-05-12T19:48:10.847944
e2daf6b1-83e3-441c-8388-42cb5f4a8f7c,6,browser,3,1,2,0,0,0,36.0,2487.6233333333334,0.3333333333333333,0.0,0,idle_timeout,2026-05-12T19:48:12.846809
5c66e0e8-6c1d-4fd4-b2a1-1e0918d4a647,67,buyer,6,0,0,0,5,1,281.0,2270.69,0.0,0.8333333333333334,1,purchase_event,2026-05-12T19:48:13.849049
15b12e56-b9fe-499c-bb92-8e92a0333629,9,interested,5,1,3,1,0,0,306.0,3084.416,0.2,0.0,0,idle_timeout,2026-05-12T19:48:14.854671
af6a416b-ad85-47a3-b238-c276e85af29e,46,buyer,6,0,1,0,4,1,190.0,1745.9383333333335,0.0,0.6666666666666666,1,purchase_event,2026-05-12T19:48:17.862198
fdafbed2-5b68-4b0c-8315-b02acfddb3cd,84,browser,5,2,3,0,0,0,172.0,2975.1680000000006,0.4,0.0,0,idle_timeout,2026-05-12T19:48:18.872625
578c9038-17b4-433c-8b37-6a7796db8d91,61,browser,6,0,5,1,0,0,299.0,2716.69,0.0,0.0,0,idle_timeout,2026-05-12T19:48:22.872139
5c2e054e-d8ef-4847-b7be-fd81596e88b5,15,buyer,5,2,0,1,1,1,170.0,3465.928,0.4,0.2,1,purchase_event,2026-05-12T19:48:23.873457
8e09cb24-6538-4537-88fc-58842f9165bd,14,browser,3,0,2,1,0,0,148.0,1370.1033333333335,0.0,0.0,0,idle_timeout,2026-05-12T19:48:24.878162
233b64e7-5bb1-47ea-b668-e5ef4858c336,95,browser,4,2,1,1,0,0,174.0,4018.9425,0.5,0.0,0,idle_timeout,2026-05-12T19:48:28.886576
824c7ba3-080c-4c4d-97e6-361bf73b1ef0,88,interested,6,1,4,1,0,0,272.0,2510.8883333333333,0.16666666666666666,0.0,0,idle_timeout,2026-05-12T19:48:30.889974
92ede24b-27aa-47fb-862c-f10936ab2244,72,interested,6,2,3,1,0,0,135.0,2729.763333333334,0.3333333333333333,0.0,0,idle_timeout,2026-05-12T19:48:32.896289
25270987-c5a4-4992-b06a-858756d841f3,81,browser,4,2,2,0,0,0,175.0,2037.725,0.5,0.0,0,idle_timeout,2026-05-12T19:48:34.900277
d56d85fd-b18e-4551-ab80-845f4e675d35,40,browser,4,1,1,2,0,0,199.0,2130.0325000000003,0.25,0.0,0,idle_timeout,2026-05-12T19:48:36.899461
a054c552-134d-4ac6-98fd-15c19c934379,11,browser,3,1,2,0,0,0,139.0,2622.54,0.3333333333333333,0.0,0,idle_timeout,2026-05-12T19:48:38.908835
725d9ec9-f57b-4940-a32a-a0990047022d,57,browser,5,2,1,2,0,0,269.0,2071.3559999999998,0.4,0.0,0,idle_timeout,2026-05-12T19:48:40.927965
208c06b7-3f65-4324-bf88-406a7992a97c,91,browser,5,3,1,1,0,0,230.0,2598.7200000000003,0.6,0.0,0,idle_timeout,2026-05-12T19:48:42.926195
6f41be62-9c73-4562-a4df-1965c4a7b08a,31,buyer,6,2,0,0,3,1,271.0,3458.0933333333337,0.3333333333333333,0.5,1,purchase_event,2026-05-12T19:48:43.925651
8edf843f-3819-4527-a417-f7a4f8599017,53,interested,4,1,2,0,1,0,164.0,2857.215,0.25,0.25,0,idle_timeout,2026-05-12T19:48:44.942576
75b38a94-4d2a-4b9d-8335-0be877983496,20,interested,6,0,2,1,3,0,252.0,2239.331666666667,0.0,0.5,0,idle_timeout,2026-05-12T19:48:48.937006
503b235b-28d2-4a1c-ab12-399a60fc885a,98,browser,4,3,1,0,0,0,86.0,3066.605,0.75,0.0,0,idle_timeout,2026-05-12T19:48:50.942828
c3338abc-e2b7-4c25-ada3-bad28124a185,59,browser,6,3,2,1,0,0,179.0,1207.2016666666666,0.5,0.0,0,idle_timeout,2026-05-12T19:48:52.946747
bf6e2024-93c1-4b48-8287-278a883d243f,99,buyer,6,1,1,0,3,1,239.0,2825.3566666666666,0.16666666666666666,0.5,1,purchase_event,2026-05-12T19:48:53.947854
41787c62-2b06-4452-bf3b-7703d72f6e11,76,browser,3,0,2,1,0,0,113.0,981.0566666666667,0.0,0.0,0,idle_timeout,2026-05-12T19:48:54.960605
46173775-8bd5-42d1-aeb2-5a6cba945d8e,14,browser,4,1,1,2,0,0,149.0,2080.1175,0.25,0.0,0,idle_timeout,2026-05-12T19:48:58.966916
fd742c4d-3977-4b1b-a7bf-18243a77e642,72,buyer,5,0,0,0,4,1,243.0,2522.748,0.0,0.8,1,purchase_event,2026-05-12T19:48:59.962876
9bce4ee2-cad2-4e94-9be9-d01fb34d8cb5,58,browser,4,1,3,0,0,0,186.0,2427.0225,0.25,0.0,0,idle_timeout,2026-05-12T19:49:00.973477
454b3286-880e-442c-8cb1-ea1b789e8e2e,53,browser,5,0,4,1,0,0,125.0,1166.93,0.0,0.0,0,idle_timeout,2026-05-12T19:49:04.978968
ea830bce-d755-4bcf-ab3b-a8197784629b,96,interested,7,3,2,1,1,0,261.0,3048.1014285714286,0.42857142857142855,0.14285714285714285,0,idle_timeout,2026-05-12T19:49:06.990467
cfd72ad0-0066-41ba-9f66-f1d7a95e7635,91,interested,5,3,0,0,2,0,188.0,2739.792,0.6,0.4,0,idle_timeout,2026-05-12T19:49:08.994415
369e5ebd-4306-43b7-9058-af2d0a2d6d34,37,interested,7,1,4,1,1,0,295.0,3160.4199999999996,0.14285714285714285,0.14285714285714285,0,idle_timeout,2026-05-12T19:49:10.999427
a53d9ded-beb2-4ba8-8879-65dc61688833,48,browser,5,0,3,2,0,0,202.0,3247.998,0.0,0.0,0,idle_timeout,2026-05-12T19:49:13.005605
b3283df4-4a7f-4ac2-89ef-6c57fc566022,26,interested,5,1,1,1,2,0,209.0,1503.97,0.2,0.4,0,idle_timeout,2026-05-12T19:49:15.010542
2d897833-3527-4cdb-a6cf-36320efee0e0,23,interested,5,1,1,3,0,0,250.0,2276.79,0.2,0.0,0,idle_timeout,2026-05-12T19:49:17.014140
b141943a-f1b7-405c-8798-772d867ac8e6,54,browser,6,3,2,1,0,0,233.0,2376.4933333333333,0.5,0.0,0,idle_timeout,2026-05-12T19:49:19.024129
4426c757-41f4-455a-8619-7e1120c2b920,11,browser,3,0,2,1,0,0,98.0,2911.4166666666665,0.0,0.0,0,idle_timeout,2026-05-12T19:49:21.028370
9d8f2b40-3778-4f5c-8011-87ebc6907ea0,5,browser,6,1,5,0,0,0,281.0,2126.871666666667,0.16666666666666666,0.0,0,idle_timeout,2026-05-12T19:49:23.022323
94e52715-b035-473c-9e5a-543952454c8d,4,interested,4,2,1,1,0,0,196.0,2567.6675,0.5,0.0,0,idle_timeout,2026-05-12T19:49:25.038116
f7340240-425d-4efd-9d79-88f82f2ae870,79,browser,6,2,3,1,0,0,208.0,3500.976666666667,0.3333333333333333,0.0,0,idle_timeout,2026-05-12T19:49:27.043305
842a15aa-c952-450a-aa6b-5a18ee6dc998,21,browser,6,1,4,1,0,0,208.0,2029.1449999999998,0.16666666666666666,0.0,0,idle_timeout,2026-05-12T19:49:29.047818
83b1a384-ef85-48ab-aecc-a59e9e8fa506,6,browser,4,1,2,1,0,0,146.0,3078.5725,0.25,0.0,0,idle_timeout,2026-05-12T19:49:31.051639
850e36dc-0283-430a-afcd-f97b397a72f4,69,browser,3,3,0,0,0,0,113.0,3198.1300000000006,1.0,0.0,0,idle_timeout,2026-05-12T19:49:33.054706
95dca54c-8135-4e97-9573-0af8f0e02438,90,browser,5,2,3,0,0,0,162.0,1236.304,0.4,0.0,0,idle_timeout,2026-05-12T19:49:35.059812
c3a2b028-cf03-47ed-b66c-f9dfbf71a993,39,browser,6,6,0,0,0,0,285.0,1876.37,1.0,0.0,0,idle_timeout,2026-05-12T19:49:37.063042
9d0aa318-6c41-417f-87db-a72e2d359060,27,browser,5,2,3,0,0,0,251.0,1735.066,0.4,0.0,0,idle_timeout,2026-05-12T19:49:39.070382
16bd9670-87d1-4b6f-b6d4-99d043c347ad,45,interested,7,1,3,2,1,0,252.0,2231.5085714285715,0.14285714285714285,0.14285714285714285,0,idle_timeout,2026-05-12T19:49:41.076207
827f0cd8-7b00-47c8-af5a-7ef11e739b9f,45,buyer,5,3,0,0,1,1,215.0,1704.0260000000003,0.6,0.2,1,purchase_event,2026-05-12T19:49:42.076571
51b637b2-baa6-4a57-a6ad-bf56e61ead7f,24,interested,5,2,2,0,1,0,193.0,2632.808,0.4,0.2,0,idle_timeout,2026-05-12T19:49:43.088661
c803e68b-df4e-400a-afc7-64d76da08456,88,buyer,7,2,2,1,1,1,304.0,2474.491428571429,0.2857142857142857,0.14285714285714285,1,purchase_event,2026-05-12T19:49:44.085087
851227fd-549b-4ad8-8ec3-028c26082099,34,interested,5,1,3,1,0,0,185.0,2011.736,0.2,0.0,0,idle_timeout,2026-05-12T19:49:49.100721
baeca416-db94-407b-b26b-2de8a6c2a527,15,buyer,6,2,1,0,2,1,285.0,3598.2566666666667,0.3333333333333333,0.3333333333333333,1,purchase_event,2026-05-12T19:49:50.102810
9266b033-7af8-4c20-b048-d1a8a0bfd5dc,84,browser,7,2,4,1,0,0,239.0,2790.4199999999996,0.2857142857142857,0.0,0,idle_timeout,2026-05-12T19:49:51.111653
7857443e-fe29-412b-a6c9-ea993d9d348a,7,browser,6,2,2,2,0,0,293.0,2280.015,0.3333333333333333,0.0,0,idle_timeout,2026-05-12T19:49:55.125782
f18adc5b-339a-44e2-8a24-a31f08fd8656,19,browser,4,3,1,0,0,0,156.0,1422.1574999999998,0.75,0.0,0,idle_timeout,2026-05-12T19:49:57.119617
a7b0c86e-178f-4633-8da1-c1684b150666,1,browser,3,1,1,1,0,0,125.0,2514.35,0.3333333333333333,0.0,0,idle_timeout,2026-05-12T19:49:59.130068
a06bf0b7-782d-40d9-a0f8-38fb4c6871f3,48,interested,4,0,0,4,0,0,150.0,2100.4700000000003,0.0,0.0,0,idle_timeout,2026-05-12T19:50:01.141975
ce255867-5aa9-4d20-b24f-eaec47002f7f,29,interested,7,4,1,1,1,0,234.0,1628.962857142857,0.5714285714285714,0.14285714285714285,0,idle_timeout,2026-05-12T19:50:03.134584
f31cfd4b-becb-4f59-965e-db21885e7d82,85,browser,5,4,0,1,0,0,127.0,2482.498,0.8,0.0,0,idle_timeout,2026-05-12T19:50:05.151984
85920c10-55e1-4556-98ce-2b896114f405,14,interested,7,1,4,2,0,0,391.0,3554.818571428572,0.14285714285714285,0.0,0,idle_timeout,2026-05-12T19:50:07.148618
861b5fe4-403f-4003-af73-771fc39c0a9f,42,buyer,7,4,1,1,0,1,385.0,2130.925714285714,0.5714285714285714,0.0,1,purchase_event,2026-05-12T19:50:08.156525
c044e633-50b8-4661-916c-59a37de09c18,73,browser,5,2,3,0,0,0,273.0,1673.164,0.4,0.0,0,idle_timeout,2026-05-12T19:50:09.173695
618969f5-6880-488c-8dbd-962f4d8d144a,41,buyer,5,2,0,2,0,1,166.0,2255.96,0.4,0.0,1,purchase_event,2026-05-12T19:50:10.156982
919ebf2c-7fb8-4a46-9cb4-3affc15c8436,79,browser,7,3,4,0,0,0,374.0,1956.6942857142858,0.42857142857142855,0.0,0,idle_timeout,2026-05-12T19:50:15.174215
8b31e31a-65b2-449a-97d0-fd1ae5bff351,10,buyer,7,1,0,1,4,1,244.0,1963.1114285714284,0.14285714285714285,0.5714285714285714,1,purchase_event,2026-05-12T19:50:16.177447
c332c489-e08c-4822-8b42-96efbe016978,6,browser,4,1,3,0,0,0,197.0,3664.3900000000003,0.25,0.0,0,idle_timeout,2026-05-12T19:50:17.193496
c58fa8d7-6e32-468a-99c1-b9526a447c59,69,interested,7,1,3,2,1,0,321.0,3079.1971428571424,0.14285714285714285,0.14285714285714285,0,idle_timeout,2026-05-12T19:50:21.193596
77c625d1-8a4e-46fb-92d3-59d735a90eca,24,browser,6,1,5,0,0,0,261.0,1982.6083333333336,0.16666666666666666,0.0,0,idle_timeout,2026-05-12T19:50:23.208976
da0837f3-923a-484e-b63d-2700f3a8230f,81,interested,6,2,2,1,1,0,158.0,3379.3416666666667,0.3333333333333333,0.16666666666666666,0,idle_timeout,2026-05-12T19:50:25.204875
ac33c197-dd06-403c-a312-ff347f5e8ab6,13,browser,5,3,2,0,0,0,157.0,1855.316,0.6,0.0,0,idle_timeout,2026-05-12T19:50:27.216480
ad57ce62-0038-4677-9745-01efb7c9ddee,66,interested,6,3,0,2,1,0,189.0,1746.4216666666669,0.5,0.16666666666666666,0,idle_timeout,2026-05-12T19:50:29.223218
13feb25d-cc60-4a32-8ba5-2c860a67fc91,21,buyer,6,2,1,0,2,1,257.0,2540.8249999999994,0.3333333333333333,0.3333333333333333,1,purchase_event,2026-05-12T19:50:30.224205
b049dd55-ccee-4ab0-9a03-feb9f511467c,3,browser,6,2,3,1,0,0,245.0,2926.8783333333336,0.3333333333333333,0.0,0,idle_timeout,2026-05-12T19:50:31.230264
4cd18692-593d-45f7-b373-f508b7040d7a,26,buyer,7,2,2,1,1,1,315.0,805.1928571428571,0.2857142857142857,0.14285714285714285,1,purchase_event,2026-05-12T19:50:32.228826
c4218daf-486c-497a-8403-90c9833c78f9,37,interested,7,0,5,2,0,0,232.0,2749.932857142857,0.0,0.0,0,idle_timeout,2026-05-12T19:50:37.247139
011fbc05-6bbb-4ed8-9756-f23bcbb566fe,10,interested,4,2,2,0,0,0,140.0,1854.95,0.5,0.0,0,idle_timeout,2026-05-12T19:50:39.253881
fa60095a-091b-4e69-a86a-a1e6f4f90f64,90,browser,3,1,1,1,0,0,96.0,2197.0833333333335,0.3333333333333333,0.0,0,idle_timeout,2026-05-12T19:50:41.255367
e68372d6-f180-4864-a601-d03c6a4dfac4,55,browser,5,3,2,0,0,0,200.0,2997.7819999999997,0.6,0.0,0,idle_timeout,2026-05-12T19:50:43.256842
4d283b63-e952-4ed5-87c8-e0e6ebd476a0,6,browser,7,4,2,1,0,0,352.0,2316.1114285714284,0.5714285714285714,0.0,0,idle_timeout,2026-05-12T19:50:45.270291
467a78fb-dc81-45bb-a41e-2321f7e89e68,90,browser,3,1,1,1,0,0,104.0,3538.0266666666666,0.3333333333333333,0.0,0,idle_timeout,2026-05-12T19:50:47.282200
98a22d89-e920-40b0-a38e-575ee65e004f,90,interested,7,1,3,0,3,0,247.0,1522.3685714285714,0.14285714285714285,0.42857142857142855,0,idle_timeout,2026-05-12T19:50:49.277914
c7e92daa-fe6a-4d48-9bc4-8cee434e358d,18,interested,6,2,2,0,2,0,238.0,2946.9750000000004,0.3333333333333333,0.3333333333333333,0,idle_timeout,2026-05-12T19:50:51.287401
727bbd6d-12da-4e81-b280-06013073a400,65,interested,6,1,2,1,2,0,178.0,3286.3066666666673,0.16666666666666666,0.3333333333333333,0,idle_timeout,2026-05-12T19:50:53.304247
d21bd677-4d2a-4518-bbc6-8f6bc45b087e,90,buyer,5,1,1,0,2,1,175.0,2259.778,0.2,0.4,1,purchase_event,2026-05-12T19:50:54.294856
d8e8dad5-2188-471c-8bec-011c213e1465,2,browser,7,2,4,1,0,0,275.0,2595.1742857142863,0.2857142857142857,0.0,0,idle_timeout,2026-05-12T19:50:55.311076
b470a05b-a195-4a21-b095-b7488edc1d33,20,interested,8,3,3,1,1,0,394.0,2076.5425,0.375,0.125,0,idle_timeout,2026-05-12T19:50:59.323683
d278fe4c-720e-45b7-a673-c375d87dd9ef,85,buyer,8,2,1,0,4,1,356.0,3063.1575,0.25,0.5,1,purchase_event,2026-05-12T19:51:00.323037
84208e8c-435c-491a-879c-7f2dae35c999,96,browser,7,4,2,1,0,0,395.0,2662.1428571428573,0.5714285714285714,0.0,0,idle_timeout,2026-05-12T19:51:01.331726
919d9b42-68b6-4dda-9c34-3f935f6cda40,67,browser,7,2,3,2,0,0,264.0,2149.0628571428574,0.2857142857142857,0.0,0,idle_timeout,2026-05-12T19:51:05.335280
59142871-03bb-4311-9abe-1a7c72ff934a,31,browser,5,0,5,0,0,0,186.0,2583.6179999999995,0.0,0.0,0,idle_timeout,2026-05-12T19:51:07.356997
42bd9cae-1adc-4e45-9e05-0fd6270081b4,47,interested,8,1,6,0,1,0,322.0,1950.01125,0.125,0.125,0,idle_timeout,2026-05-12T19:51:09.355857
2406f827-4a53-4e4a-a6c3-b4ef526b7845,5,browser,4,2,2,0,0,0,171.0,3222.6875,0.5,0.0,0,idle_timeout,2026-05-12T19:51:11.356424
ede35ca5-96bf-4a72-b9bd-4b1a8e9c980f,20,buyer,6,1,1,1,2,1,201.0,2311.2433333333333,0.16666666666666666,0.3333333333333333,1,purchase_event,2026-05-12T19:51:12.357885
daea2d07-a950-4207-a677-7684d14280f6,10,browser,4,0,3,1,0,0,145.0,2769.3175,0.0,0.0,0,idle_timeout,2026-05-12T19:51:13.365885
936d7e65-6712-49aa-b1e6-1282bcc1dd1f,49,browser,7,4,3,0,0,0,278.0,2398.6071428571427,0.5714285714285714,0.0,0,idle_timeout,2026-05-12T19:51:17.371122
078febf6-6787-44e5-8f79-8ab93ebd6452,7,interested,5,3,2,0,0,0,213.0,3710.482,0.6,0.0,0,idle_timeout,2026-05-12T19:51:19.378092
f2f503d0-1f78-43dd-93ca-1ba75ad02e0f,8,browser,7,2,5,0,0,0,163.0,2511.5042857142857,0.2857142857142857,0.0,0,idle_timeout,2026-05-12T19:51:21.395797
2bab0445-ad30-4f25-add0-6e94da34cad4,75,buyer,6,2,1,0,2,1,377.0,2043.7133333333331,0.3333333333333333,0.3333333333333333,1,purchase_event,2026-05-12T19:51:22.386072
0da2863a-927d-4e9f-b511-bb96b32a33ed,56,browser,7,2,5,0,0,0,382.0,2927.9857142857145,0.2857142857142857,0.0,0,idle_timeout,2026-05-12T19:51:23.395891
a155aac6-af9b-4e0d-a239-e804318dcb15,29,buyer,5,2,0,0,2,1,259.0,1895.9340000000004,0.4,0.4,1,purchase_event,2026-05-12T19:51:24.389740
e03ad0d6-4793-4d8f-9537-bc5180de3004,69,browser,7,1,4,2,0,0,341.0,2848.5257142857145,0.14285714285714285,0.0,0,idle_timeout,2026-05-12T19:51:29.402725
d21ea49d-a42e-4dcd-a4c0-0e23054a3f99,95,browser,3,1,1,1,0,0,149.0,942.2600000000001,0.3333333333333333,0.0,0,idle_timeout,2026-05-12T19:51:31.410039
79077e17-138c-42e2-b356-514ad6889979,65,interested,8,4,2,0,2,0,323.0,3087.5375,0.5,0.25,0,idle_timeout,2026-05-12T19:51:33.412642
e0671dda-c0bd-4913-b9ae-974765d84b73,51,browser,5,2,3,0,0,0,255.0,2703.0919999999996,0.4,0.0,0,idle_timeout,2026-05-12T19:51:35.431091
244fd339-c7dd-4af7-9ba0-733ec7661288,69,interested,6,2,1,0,3,0,234.0,3174.5766666666664,0.3333333333333333,0.5,0,idle_timeout,2026-05-12T19:51:37.431027
568b2cff-0287-4ea5-bbd1-88d4808a1158,77,interested,7,1,2,3,1,0,261.0,2861.5914285714284,0.14285714285714285,0.14285714285714285,0,idle_timeout,2026-05-12T19:51:39.430239
05fe0828-93af-4356-bd59-3352e0fff451,84,browser,3,2,1,0,0,0,84.0,2958.126666666667,0.6666666666666666,0.0,0,idle_timeout,2026-05-12T19:51:41.436251
e6c647b2-3914-4031-87f2-1746eb5446ba,96,browser,4,0,4,0,0,0,103.0,2261.3575,0.0,0.0,0,idle_timeout,2026-05-12T19:51:43.439319
9e67a424-1423-48bc-bfa7-c1ad4950b2e1,91,browser,6,3,3,0,0,0,317.0,3381.898333333333,0.5,0.0,0,idle_timeout,2026-05-12T19:51:45.442841
1368a314-6578-42cf-b052-4fa098e0f76a,80,interested,6,2,3,0,1,0,198.0,4143.795,0.3333333333333333,0.16666666666666666,0,idle_timeout,2026-05-12T19:51:47.443429
3af97cd2-c93f-4f06-b309-1104b56b01e2,61,interested,5,1,1,1,2,0,200.0,2671.466,0.2,0.4,0,idle_timeout,2026-05-12T19:51:49.447715
0fc43120-0ea7-4b32-87cc-ae78492341f3,59,browser,5,3,2,0,0,0,151.0,2084.3920000000003,0.6,0.0,0,idle_timeout,2026-05-12T19:51:51.453845
79893f72-7deb-45e9-8c01-7cd39d5f021a,14,buyer,6,1,1,0,3,1,215.0,3288.111666666666,0.16666666666666666,0.5,1,purchase_event,2026-05-12T19:51:52.458864
d94ee61e-cf6f-484a-a7ac-09b80f8a128b,61,browser,6,2,3,1,0,0,271.0,2078.9966666666664,0.3333333333333333,0.0,0,idle_timeout,2026-05-12T19:51:53.463387
993f4628-b7dd-462a-967d-207765f731a2,3,browser,7,4,2,1,0,0,283.0,2950.895714285715,0.5714285714285714,0.0,0,idle_timeout,2026-05-12T19:51:57.468679
049a831b-f8be-4826-b80f-9d556eb08ac5,61,browser,4,0,4,0,0,0,151.0,2690.6375,0.0,0.0,0,idle_timeout,2026-05-12T19:51:59.486393
e1b58c9c-26b8-4da9-816f-d6ee17f3a34a,94,browser,5,1,4,0,0,0,182.0,2261.798,0.2,0.0,0,idle_timeout,2026-05-12T19:52:01.477216
a3f4d805-3350-458f-a0d3-6666b6d502c1,27,browser,3,0,3,0,0,0,72.0,2038.0633333333335,0.0,0.0,0,idle_timeout,2026-05-12T19:52:03.491823
5155147e-109e-4307-bdbf-848c94d4d84a,41,interested,5,2,1,1,1,0,278.0,2928.2,0.4,0.2,0,idle_timeout,2026-05-12T19:52:05.486668
38fe04ac-282b-4e90-b084-93ca251c6a43,88,interested,5,1,2,1,1,0,121.0,2291.872,0.2,0.2,0,idle_timeout,2026-05-12T19:52:07.490208
fdeeb92e-8650-4f57-8da5-e26b7968dfa0,25,browser,7,4,2,1,0,0,307.0,2374.4471428571424,0.5714285714285714,0.0,0,idle_timeout,2026-05-12T19:52:09.508898
b7377d2b-fd89-4a17-a2a3-feedef7f07bb,15,browser,7,5,2,0,0,0,300.0,2652.027142857143,0.7142857142857143,0.0,0,idle_timeout,2026-05-12T19:52:11.497799
0d9ece61-e460-4d27-abbf-a313b1e82c70,67,browser,5,3,1,1,0,0,209.0,1680.2079999999999,0.6,0.0,0,idle_timeout,2026-05-12T19:52:13.503447
6c3d9ad7-969e-4e15-9e0e-5d04691d6529,34,interested,6,1,1,3,1,0,267.0,2529.7566666666667,0.16666666666666666,0.16666666666666666,0,idle_timeout,2026-05-12T19:52:15.517431
0d816659-7a13-48e7-bf7a-320243e075ff,54,buyer,7,3,2,0,1,1,393.0,3504.2928571428574,0.42857142857142855,0.14285714285714285,1,purchase_event,2026-05-12T19:52:16.515555
bf039a70-bb94-4dd0-9067-8073403ca585,89,interested,6,2,1,1,2,0,193.0,2174.9266666666667,0.3333333333333333,0.3333333333333333,0,idle_timeout,2026-05-12T19:52:17.525167
f74c9ff9-50d7-44ab-8293-3363c7be45b9,19,buyer,5,1,2,0,1,1,154.0,2264.692,0.2,0.2,1,purchase_event,2026-05-12T19:52:18.518363
93f94fb8-27fc-4e22-9c57-f93d999450fd,9,interested,4,0,1,0,3,0,172.0,2225.705,0.0,0.75,0,idle_timeout,2026-05-12T19:52:23.545830
b3af37e8-a292-4274-827a-2558ed5ac0f7,77,buyer,8,1,2,0,4,1,440.0,1804.06125,0.125,0.5,1,purchase_event,2026-05-12T19:52:24.541384
29101f13-81b1-44e2-a567-6c3958d71953,83,interested,7,1,4,1,1,0,332.0,3017.1228571428574,0.14285714285714285,0.14285714285714285,0,idle_timeout,2026-05-12T19:52:25.557741
4c77621c-3cc7-4e8a-887e-12cf75600175,53,browser,6,1,4,1,0,0,292.0,1877.4983333333332,0.16666666666666666,0.0,0,idle_timeout,2026-05-12T19:52:29.551650
86848d8f-77f1-4552-8172-284d0583724d,23,browser,4,2,2,0,0,0,163.0,3089.7724999999996,0.5,0.0,0,idle_timeout,2026-05-12T19:52:31.559622
95f7aee8-5b6f-4747-ad40-3712e8e10be9,69,interested,7,2,3,2,0,0,237.0,2036.5685714285717,0.2857142857142857,0.0,0,idle_timeout,2026-05-12T19:52:33.563551
37f1d4d6-fee7-47a7-a41a-c57020069d3b,5,interested,6,1,1,1,3,0,306.0,2841.146666666667,0.16666666666666666,0.5,0,idle_timeout,2026-05-12T19:52:35.568552
ebdacdcc-9f4d-4273-a0e9-eb3c36825bdd,74,interested,5,1,2,1,1,0,159.0,3406.6639999999998,0.2,0.2,0,idle_timeout,2026-05-12T19:52:37.567916
df44fe6a-e278-4d56-bb4c-360ae975f8f7,48,browser,6,1,3,2,0,0,184.0,2457.1266666666666,0.16666666666666666,0.0,0,idle_timeout,2026-05-12T19:52:39.563846
5eac7354-69e6-4680-808e-e60b016092dc,15,buyer,8,2,2,1,2,1,347.0,2791.60625,0.25,0.25,1,purchase_event,2026-05-12T19:52:40.582512
026f667c-1413-4c20-acbb-1f1f26126a63,61,browser,3,1,0,2,0,0,113.0,1184.51,0.3333333333333333,0.0,0,idle_timeout,2026-05-12T19:52:41.588751
d8585fa5-95ca-4240-ba9a-e44a854a007d,18,interested,8,3,4,0,1,0,484.0,1881.32875,0.375,0.125,0,idle_timeout,2026-05-12T19:52:45.595445
c4057611-18ac-4ce5-bfb3-4f1b9f5c53cb,19,browser,5,4,1,0,0,0,227.0,2856.3039999999996,0.8,0.0,0,idle_timeout,2026-05-12T19:52:47.587034
a334de71-289b-4c23-b362-ea53dca39095,18,interested,4,0,1,0,3,0,170.0,3130.2074999999995,0.0,0.75,0,idle_timeout,2026-05-12T19:52:49.591880
b8393a2a-2648-471d-99f2-18c0848dbde8,39,browser,4,1,2,1,0,0,178.0,3397.55,0.25,0.0,0,idle_timeout,2026-05-12T19:52:51.599922
58e5ebe2-f6a5-4ea0-8dec-fad92b7c1c78,91,buyer,7,2,1,1,2,1,251.0,2028.51,0.2857142857142857,0.2857142857142857,1,purchase_event,2026-05-12T19:52:52.599266
5c55b231-a510-4dbf-9508-8b70f040f4ea,52,browser,7,1,5,1,0,0,386.0,1488.6714285714286,0.14285714285714285,0.0,0,idle_timeout,2026-05-12T19:52:53.606300
034ca243-0588-4b97-ad29-d5fff8a44ae4,89,browser,5,2,3,0,0,0,175.0,4017.2660000000005,0.4,0.0,0,idle_timeout,2026-05-12T19:52:57.607564
88ed0ec0-7664-4250-bad5-ac6b6a1b18de,100,interested,6,2,3,0,1,0,248.0,1333.6066666666668,0.3333333333333333,0.16666666666666666,0,idle_timeout,2026-05-12T19:52:59.623275
7539b25f-3095-4627-affb-b22f212fc1cd,7,buyer,7,1,3,0,2,1,368.0,2203.128571428571,0.14285714285714285,0.2857142857142857,1,purchase_event,2026-05-12T19:53:00.618743
905ea27a-fbae-42c4-aa34-724adacf9794,11,browser,3,1,0,2,0,0,95.0,3126.2666666666664,0.3333333333333333,0.0,0,idle_timeout,2026-05-12T19:53:01.629950
5133019c-20d0-4e49-a91b-67a9a2ef6704,87,browser,6,0,5,1,0,0,173.0,2498.1733333333327,0.0,0.0,0,idle_timeout,2026-05-12T19:53:05.631013
a904f9ab-6bbf-4dde-b40f-69ca9e6bfd42,90,interested,4,2,0,0,2,0,59.0,2461.6725,0.5,0.5,0,idle_timeout,2026-05-12T19:53:07.630078
60ad3e93-053d-4082-8a31-ad5ee80ac507,71,buyer,7,2,4,0,0,1,325.0,2571.4042857142854,0.2857142857142857,0.0,1,purchase_event,2026-05-12T19:53:08.634055
2eebfa0d-4820-4150-b33a-dc31b5d8fdc1,92,browser,5,2,0,3,0,0,265.0,2765.432,0.4,0.0,0,idle_timeout,2026-05-12T19:53:09.650106
cfaae713-d46b-45f8-ac04-3aa6a8dc9e5d,12,buyer,8,2,2,0,3,1,315.0,1758.42625,0.25,0.375,1,purchase_event,2026-05-12T19:53:10.640747
4728556a-fcf9-4ba9-985d-71d698f3111c,64,buyer,7,3,2,1,0,1,324.0,1432.3228571428572,0.42857142857142855,0.0,1,purchase_event,2026-05-12T19:53:12.655958
5b4269a4-ba71-495c-9e7f-487f0c8e4fbd,14,interested,4,1,2,0,1,0,173.0,2102.3525,0.25,0.25,0,idle_timeout,2026-05-12T19:53:17.663273
783f143a-515d-4128-8338-e78acde25f50,72,buyer,7,1,3,0,2,1,210.0,3005.2414285714285,0.14285714285714285,0.2857142857142857,1,purchase_event,2026-05-12T19:53:18.660299
8be4f29e-a3e5-4b9f-8bbb-344cfb2f8ce9,89,interested,6,4,1,1,0,0,326.0,1615.6616666666669,0.6666666666666666,0.0,0,idle_timeout,2026-05-12T19:53:19.670275
243810e1-bb98-403d-bc9b-858fdbc27afc,69,browser,5,2,2,1,0,0,264.0,2883.208,0.4,0.0,0,idle_timeout,2026-05-12T19:53:23.669757
dafe9e3a-ed8a-49ef-ab9f-bf564f805ec1,5,interested,7,2,3,0,2,0,208.0,2491.1685714285713,0.2857142857142857,0.2857142857142857,0,idle_timeout,2026-05-12T19:53:25.682026
577e7311-14bc-4de3-9818-8266961809f1,37,browser,7,3,3,1,0,0,360.0,2606.407142857143,0.42857142857142855,0.0,0,idle_timeout,2026-05-12T19:53:27.687248
b7cf123b-1e7c-467c-99b3-b18e695552fc,57,browser,5,3,2,0,0,0,276.0,2957.7380000000003,0.6,0.0,0,idle_timeout,2026-05-12T19:53:29.693184
99c8eeb4-143a-4142-a02f-3ff2c8686cfd,53,browser,6,2,3,1,0,0,306.0,2029.3416666666665,0.3333333333333333,0.0,0,idle_timeout,2026-05-12T19:53:31.688042
20fe2a08-8a65-4636-a4ef-a163aa6883b8,37,interested,5,1,2,2,0,0,245.0,2675.388,0.2,0.0,0,idle_timeout,2026-05-12T19:53:33.703502
68f33680-99f0-4b40-9e0f-4f07c91a2532,40,browser,6,1,4,1,0,0,219.0,3044.1800000000003,0.16666666666666666,0.0,0,idle_timeout,2026-05-12T19:53:35.702228
583ff33e-378b-487c-87e2-ca811a470523,79,interested,4,2,0,1,1,0,228.0,2669.5299999999997,0.5,0.25,0,idle_timeout,2026-05-12T19:53:37.713277
0e5c8897-39c3-4ff0-96c7-9d9800d8c87f,25,browser,6,4,2,0,0,0,353.0,3092.7333333333336,0.6666666666666666,0.0,0,idle_timeout,2026-05-12T19:53:39.722297
6f6a9a2c-d001-4460-8c7a-97a3e690e843,100,buyer,8,4,1,1,1,1,325.0,2650.175,0.5,0.125,1,purchase_event,2026-05-12T19:53:40.713920
873cdc97-a50d-42e5-b73d-163e754f7aaa,45,browser,5,4,1,0,0,0,211.0,2001.6599999999999,0.8,0.0,0,idle_timeout,2026-05-12T19:53:41.732241
fe34e429-239e-4b27-8550-273c1fc6667f,95,buyer,6,2,0,0,3,1,314.0,2613.2166666666667,0.3333333333333333,0.5,1,purchase_event,2026-05-12T19:53:44.721881
8369ebb9-6252-4f5d-a463-b2dfbeb26dbc,15,interested,8,4,3,1,0,0,353.0,3454.6425,0.5,0.0,0,idle_timeout,2026-05-12T19:53:45.737334
e44228bd-f4b8-4465-ad03-645f5dab0bb9,19,browser,5,2,3,0,0,0,170.0,2816.6059999999998,0.4,0.0,0,idle_timeout,2026-05-12T19:53:49.745940
0301a661-d4bf-47d6-b52f-e55df9faddf8,13,browser,7,3,3,1,0,0,398.0,3306.374285714286,0.42857142857142855,0.0,0,idle_timeout,2026-05-12T19:53:51.747600
198a3fde-0d00-4623-bcb7-0f1f9faa992c,67,interested,7,3,2,1,1,0,330.0,2436.6471428571426,0.42857142857142855,0.14285714285714285,0,idle_timeout,2026-05-12T19:53:53.748118
867fc7a0-ab34-4f41-b072-631ab9f916eb,9,interested,6,2,0,2,2,0,205.0,2524.2016666666664,0.3333333333333333,0.3333333333333333,0,idle_timeout,2026-05-12T19:53:55.748140
07a391db-00e5-49a6-beb7-72b50f21b736,39,browser,6,1,5,0,0,0,258.0,2260.9333333333334,0.16666666666666666,0.0,0,idle_timeout,2026-05-12T19:53:57.761966
ccd0f223-5754-4a1a-a757-b7ba9bcb1c56,90,interested,7,3,0,1,3,0,210.0,3880.9599999999996,0.42857142857142855,0.42857142857142855,0,idle_timeout,2026-05-12T19:53:59.769548
61a786c4-e610-485b-acba-b1680da18afd,72,interested,6,2,1,2,1,0,207.0,2684.7583333333337,0.3333333333333333,0.16666666666666666,0,idle_timeout,2026-05-12T19:54:01.774349
20cfce54-8bcd-4fa1-8664-7b36aa8db3fc,24,buyer,6,1,2,0,2,1,287.0,2471.7133333333336,0.16666666666666666,0.3333333333333333,1,purchase_event,2026-05-12T19:54:02.772023
54c8c35c-c8c5-4552-afa6-83ea3770c6f7,58,browser,3,0,1,2,0,0,129.0,3621.74,0.0,0.0,0,idle_timeout,2026-05-12T19:54:03.789718
0c9439b0-8768-4dd5-b78f-4ec9aa9af816,21,interested,7,4,1,0,2,0,337.0,3313.0828571428574,0.5714285714285714,0.2857142857142857,0,idle_timeout,2026-05-12T19:54:07.787529
8b60d2ce-f759-4797-959b-6ea3c989abdb,86,browser,6,1,5,0,0,0,271.0,2504.403333333333,0.16666666666666666,0.0,0,idle_timeout,2026-05-12T19:54:09.791078
1512b6e8-528a-49d4-9893-010f62276f72,42,browser,3,0,3,0,0,0,105.0,3022.6333333333337,0.0,0.0,0,idle_timeout,2026-05-12T19:54:11.799902
762e063d-aedd-4e15-bfe5-d3ffc91e3db7,87,browser,7,4,3,0,0,0,370.0,1464.9071428571426,0.5714285714285714,0.0,0,idle_timeout,2026-05-12T19:54:13.802111
946bb7a8-454a-4f57-a7d2-b966e4779e58,71,buyer,8,2,1,1,3,1,377.0,2860.63,0.25,0.375,1,purchase_event,2026-05-12T19:54:14.806749
193af867-7e0a-4a79-8957-7e76b392821e,47,browser,5,1,2,2,0,0,189.0,1644.618,0.2,0.0,0,idle_timeout,2026-05-12T19:54:15.811568
1371626d-df0c-4e27-9644-5f549a704edc,89,buyer,7,3,1,1,1,1,188.0,2431.535714285714,0.42857142857142855,0.14285714285714285,1,purchase_event,2026-05-12T19:54:16.806162
37da179b-3744-4362-bc0d-065a33f316d5,82,buyer,7,1,1,1,3,1,233.0,2002.0414285714285,0.14285714285714285,0.42857142857142855,1,purchase_event,2026-05-12T19:54:20.817736
c601f6d7-0e6e-4b5a-a3d3-40211ce2f46b,14,interested,5,3,1,1,0,0,184.0,2375.352,0.6,0.0,0,idle_timeout,2026-05-12T19:54:21.822757
34aa6a61-c61c-49bc-8a57-4b58dc8775b8,91,buyer,8,2,1,1,3,1,229.0,2742.1925,0.25,0.375,1,purchase_event,2026-05-12T19:54:22.830968
b74dffd5-3b94-435d-994f-380b2281e4be,23,buyer,6,1,3,0,1,1,201.0,3007.183333333333,0.16666666666666666,0.16666666666666666,1,purchase_event,2026-05-12T19:54:26.832291
4957e84d-267d-4c16-b9ea-6be09df8bcdb,88,browser,5,1,1,3,0,0,234.0,3646.1399999999994,0.2,0.0,0,idle_timeout,2026-05-12T19:54:27.840631
c5c9bee6-306d-4199-96bd-90e30fd40dd6,72,interested,8,1,4,2,1,0,264.0,1882.26125,0.125,0.125,0,idle_timeout,2026-05-12T19:54:31.854378
9d89259b-6082-417a-8ed9-278ec2c10282,23,browser,4,2,2,0,0,0,136.0,2632.2999999999997,0.5,0.0,0,idle_timeout,2026-05-12T19:54:33.859383
5426b100-2e2c-4ec8-8070-6564dcbb1141,47,browser,5,2,3,0,0,0,214.0,3268.484,0.4,0.0,0,idle_timeout,2026-05-12T19:54:35.854129
ba14645b-94bb-487f-9904-378746b4a371,75,buyer,6,0,0,0,5,1,212.0,2992.3266666666664,0.0,0.8333333333333334,1,purchase_event,2026-05-12T19:54:36.855265
593aa1ac-e6e8-4fd0-b8e6-6784a6c4400b,99,browser,6,1,4,1,0,0,275.0,1607.131666666667,0.16666666666666666,0.0,0,idle_timeout,2026-05-12T19:54:37.872131
9e60c3b2-f5ee-4214-8934-63ed68013dfe,47,interested,7,1,5,1,0,0,404.0,1752.4328571428573,0.14285714285714285,0.0,0,idle_timeout,2026-05-12T19:54:41.878697
6ea51412-c38d-4aea-98b8-f109df6dbe16,17,buyer,7,2,2,1,1,1,338.0,2848.6899999999996,0.2857142857142857,0.14285714285714285,1,purchase_event,2026-05-12T19:54:42.874287
b67ddd1d-b648-41dd-b1ec-95c0c3e4d494,14,interested,6,2,3,0,1,0,286.0,2595.383333333333,0.3333333333333333,0.16666666666666666,0,idle_timeout,2026-05-12T19:54:43.879479
f53a4dbe-c2f3-47ae-82ca-30f90ec28165,67,browser,6,2,4,0,0,0,349.0,2568.2999999999997,0.3333333333333333,0.0,0,idle_timeout,2026-05-12T19:54:47.887463
8508ab30-bef0-491d-9c11-0e4a9e9a1216,83,browser,5,0,3,2,0,0,159.0,702.934,0.0,0.0,0,idle_timeout,2026-05-12T19:54:49.892179
16cd131f-ced1-4819-81a4-88504f015ae6,51,buyer,5,2,0,1,1,1,154.0,1198.7720000000002,0.4,0.2,1,purchase_event,2026-05-12T19:54:50.894186
0f32cee6-ab30-4562-9a8f-32df10141618,61,browser,4,1,1,2,0,0,130.0,2245.6499999999996,0.25,0.0,0,idle_timeout,2026-05-12T19:54:51.898216
69792b9e-8ada-49d5-8a8f-196073082e5f,71,interested,7,2,1,2,2,0,278.0,2149.2000000000003,0.2857142857142857,0.2857142857142857,0,idle_timeout,2026-05-12T19:54:56.896645
af5e3c3f-b54d-47c9-afc6-0c93a779e8a1,25,browser,3,1,1,1,0,0,141.0,2703.94,0.3333333333333333,0.0,0,idle_timeout,2026-05-12T19:54:57.920065
3fb17b2a-d605-405d-9bd4-e7bc9cf3c24b,1,interested,6,1,2,2,1,0,294.0,1773.341666666667,0.16666666666666666,0.16666666666666666,0,idle_timeout,2026-05-12T19:54:59.921638
36a53ba4-f52c-443e-8272-fa198a8c340d,54,browser,5,1,4,0,0,0,204.0,2606.302,0.2,0.0,0,idle_timeout,2026-05-12T19:55:01.923814
4ad187b9-4fcc-44b4-959e-19b800ea8907,77,buyer,8,4,1,1,1,1,326.0,2573.1450000000004,0.5,0.125,1,purchase_event,2026-05-12T19:55:02.922587
c55e568f-a1ce-4360-836a-adcffd2524f0,53,browser,5,1,2,2,0,0,292.0,1261.354,0.2,0.0,0,idle_timeout,2026-05-12T19:55:03.930810
89fcec35-82c4-42fc-90dd-c3bd03f366c2,71,browser,4,1,2,1,0,0,119.0,2628.0875000000005,0.25,0.0,0,idle_timeout,2026-05-12T19:55:07.947086
87b12270-04fe-4c54-bc3c-8dd049cec6b5,30,interested,6,3,1,1,1,0,225.0,3404.246666666666,0.5,0.16666666666666666,0,idle_timeout,2026-05-12T19:55:09.948351
8dcaaf9b-d5a1-42e8-91d9-ef6b165d3338,45,browser,6,3,1,2,0,0,215.0,2239.7949999999996,0.5,0.0,0,idle_timeout,2026-05-12T19:55:11.958740
7defd858-0ae3-47f7-810c-8fa80d869219,10,browser,5,1,4,0,0,0,155.0,2896.032,0.2,0.0,0,idle_timeout,2026-05-12T19:55:13.956821
36673d17-0b95-4ad4-a63d-3e80c0407ead,82,buyer,7,3,0,0,3,1,333.0,2442.2557142857145,0.42857142857142855,0.42857142857142855,1,purchase_event,2026-05-12T19:55:14.953577
1528cd20-ea29-42ae-b518-82c21f750907,94,browser,6,2,4,0,0,0,175.0,1578.3933333333334,0.3333333333333333,0.0,0,idle_timeout,2026-05-12T19:55:15.960683
9f05be49-dd49-4853-8115-047c24415430,77,interested,5,1,2,1,1,0,154.0,3030.1960000000004,0.2,0.2,0,idle_timeout,2026-05-12T19:55:19.965604
98c3e395-3fcd-4563-934d-cd5b14be21ba,66,buyer,7,2,0,2,2,1,402.0,2381.1785714285716,0.2857142857142857,0.2857142857142857,1,purchase_event,2026-05-12T19:55:20.968938
169c70f1-3c18-48ac-b038-99b4d73ad59d,32,browser,5,1,2,2,0,0,225.0,2988.6519999999996,0.2,0.0,0,idle_timeout,2026-05-12T19:55:21.972144
3a5096d9-ada4-487d-a413-45d389e4e765,59,browser,7,3,3,1,0,0,375.0,1973.8785714285716,0.42857142857142855,0.0,0,idle_timeout,2026-05-12T19:55:25.987808
adbf26f6-ba82-4661-a02e-2f8290c9f694,100,browser,7,3,4,0,0,0,255.0,2894.9842857142858,0.42857142857142855,0.0,0,idle_timeout,2026-05-12T19:55:27.995846
bc15e17f-f3c0-4e78-904f-243002bc96a8,62,browser,5,1,4,0,0,0,207.0,2363.138,0.2,0.0,0,idle_timeout,2026-05-12T19:55:29.991744
33fae16f-3439-4d91-a70b-a70a4ef5e5e2,40,browser,3,1,2,0,0,0,168.0,3782.0766666666664,0.3333333333333333,0.0,0,idle_timeout,2026-05-12T19:55:32.002714
e8099e44-1bd6-4396-bc2b-85ad9825defe,92,browser,5,1,3,1,0,0,173.0,3237.9559999999997,0.2,0.0,0,idle_timeout,2026-05-12T19:55:33.996340
b87944a8-893c-4b30-8959-23feb290713e,66,buyer,6,2,1,1,1,1,268.0,1588.2933333333333,0.3333333333333333,0.16666666666666666,1,purchase_event,2026-05-12T19:55:34.998102
f1229687-7b8a-4e94-b72e-c48757731bac,88,browser,4,1,2,1,0,0,130.0,3529.4475,0.25,0.0,0,idle_timeout,2026-05-12T19:55:36.010391
b8b6ab38-64f5-4c48-abe0-5998cfb0b527,91,buyer,6,2,2,1,0,1,291.0,2366.98,0.3333333333333333,0.0,1,purchase_event,2026-05-12T19:55:37.005484
b6d3bcba-2a49-48b3-9384-e73dfe8afd05,55,interested,6,1,3,0,2,0,226.0,2501.62,0.16666666666666666,0.3333333333333333,0,idle_timeout,2026-05-12T19:55:42.025197
67609171-ff7c-4bb7-9b8f-ccad066001ee,29,browser,6,0,6,0,0,0,253.0,1362.0433333333333,0.0,0.0,0,idle_timeout,2026-05-12T19:55:44.028958
30f6ded8-0b35-44f9-b48b-33522826fdc2,9,buyer,7,1,1,1,3,1,230.0,1825.831428571429,0.14285714285714285,0.42857142857142855,1,purchase_event,2026-05-12T19:55:45.026869
5e209bf2-a636-4761-8dbf-be785a876823,26,browser,4,2,2,0,0,0,130.0,1278.4675,0.5,0.0,0,idle_timeout,2026-05-12T19:55:46.030612
7499bfb0-4fff-491d-bdc7-8d0b0048a651,64,interested,7,0,2,3,2,0,301.0,2158.9785714285713,0.0,0.2857142857142857,0,idle_timeout,2026-05-12T19:55:50.040488
8968d6ad-7c42-4d42-9b56-2b7c8cfe8a0d,55,buyer,8,2,1,1,3,1,374.0,2012.1462500000002,0.25,0.375,1,purchase_event,2026-05-12T19:55:51.041961
3dd5cf25-af3e-401a-968a-c7845f52ccf1,29,browser,4,2,2,0,0,0,118.0,1262.335,0.5,0.0,0,idle_timeout,2026-05-12T19:55:52.057302
769ec08f-cdda-474b-8d9e-dfeaca88dd7a,60,buyer,5,1,0,2,1,1,178.0,2630.046,0.2,0.2,1,purchase_event,2026-05-12T19:55:53.046646
ea0f2e49-7178-4799-920e-3efcaf66ec72,75,buyer,6,3,0,0,2,1,232.0,3268.468333333333,0.5,0.3333333333333333,1,purchase_event,2026-05-12T19:55:57.058655
6342762c-d2f7-4e8a-91cb-a72586d9c709,46,browser,7,5,1,1,0,0,307.0,2082.2757142857145,0.7142857142857143,0.0,0,idle_timeout,2026-05-12T19:55:58.066140
917902ce-c9e2-4c61-9627-1d99e5009283,6,buyer,8,1,2,0,4,1,374.0,1846.59,0.125,0.5,1,purchase_event,2026-05-12T19:55:59.066759
bb19d7e9-75ca-413d-8567-63f3fde28e58,94,browser,3,1,1,1,0,0,82.0,3483.16,0.3333333333333333,0.0,0,idle_timeout,2026-05-12T19:56:04.075276
06a7ed10-8616-43ec-9c09-10b7145c2a87,32,interested,5,0,3,1,1,0,214.0,2295.914,0.0,0.2,0,idle_timeout,2026-05-12T19:56:06.079334
2e70778a-a288-49f3-92d2-836c296e85c3,92,interested,7,0,3,1,3,0,267.0,1756.1542857142854,0.0,0.42857142857142855,0,idle_timeout,2026-05-12T19:56:08.084789
33aa7d69-c907-486d-853d-871c7165687d,57,browser,7,2,5,0,0,0,334.0,1902.8542857142857,0.2857142857142857,0.0,0,idle_timeout,2026-05-12T19:56:10.090040
14b1e457-b050-4c8b-9422-fcb4c85a214c,44,browser,7,3,2,2,0,0,281.0,3232.908571428571,0.42857142857142855,0.0,0,idle_timeout,2026-05-12T19:56:12.105391
9487a138-1cb4-4591-bdec-2cd49bd543cb,20,interested,7,2,2,3,0,0,311.0,2069.7914285714282,0.2857142857142857,0.0,0,idle_timeout,2026-05-12T19:56:14.105668
348b1645-5d89-40c6-9ab7-3c111a23f956,92,interested,7,2,0,1,4,0,254.0,2467.362857142857,0.2857142857142857,0.5714285714285714,0,idle_timeout,2026-05-12T19:56:16.108268
be53a2ae-989f-4332-b2ee-cf556ee3bba4,68,interested,7,2,3,1,1,0,286.0,2481.7357142857145,0.2857142857142857,0.14285714285714285,0,idle_timeout,2026-05-12T19:56:18.107266
97b3cea6-f1df-48a3-8e7a-ce3c0f084729,33,browser,3,0,2,1,0,0,152.0,2704.16,0.0,0.0,0,idle_timeout,2026-05-12T19:56:20.118062
a0d4c481-5f71-4a5f-ac5a-e78f8cb04ee7,26,interested,5,2,1,1,1,0,182.0,2963.382,0.4,0.2,0,idle_timeout,2026-05-12T19:56:22.115003
a3fed04d-3958-4f8c-b45f-c7c4e105479c,16,buyer,5,2,1,0,1,1,193.0,3263.1459999999997,0.4,0.2,1,purchase_event,2026-05-12T19:56:23.118654
1a9af40d-d51c-41db-b375-66c50dab71aa,87,browser,4,0,4,0,0,0,155.0,2891.8875000000003,0.0,0.0,0,idle_timeout,2026-05-12T19:56:24.134031
b088d87b-5d52-4076-90be-885cc245864f,60,browser,7,4,3,0,0,0,267.0,2185.055714285714,0.5714285714285714,0.0,0,idle_timeout,2026-05-12T19:56:28.139560
ce9e43e6-d3d9-44e9-b24f-419f4e396acd,57,browser,4,0,3,1,0,0,202.0,1661.4,0.0,0.0,0,idle_timeout,2026-05-12T19:56:30.149470
ec21e36a-1539-4d10-9ddb-b0d166891176,31,buyer,8,2,2,1,2,1,305.0,2452.09375,0.25,0.25,1,purchase_event,2026-05-12T19:56:31.143998
e2413bf6-f2a8-437c-8a28-cfcf6bf54903,17,interested,7,2,4,0,1,0,262.0,2655.3514285714286,0.2857142857142857,0.14285714285714285,0,idle_timeout,2026-05-12T19:56:32.148274
9308ed6a-7bfa-47d6-b40c-427b1c061591,94,interested,5,1,4,0,0,0,209.0,3401.2759999999994,0.2,0.0,0,idle_timeout,2026-05-12T19:56:36.163433
d244e2b2-5d88-43ec-b5a1-246629fe529b,30,interested,5,0,3,1,1,0,257.0,1607.1599999999999,0.0,0.2,0,idle_timeout,2026-05-12T19:56:38.153992
d5ed29e5-988f-4141-bdeb-00793171105d,24,browser,4,2,2,0,0,0,203.0,2906.36,0.5,0.0,0,idle_timeout,2026-05-12T19:56:40.157376
8f60e9d6-6ce8-4966-8e23-2c0f26df9744,98,browser,3,0,2,1,0,0,73.0,3075.6733333333336,0.0,0.0,0,idle_timeout,2026-05-12T19:56:42.157093
293a98f7-79d6-44fe-a8b0-e5b75b482246,13,browser,4,0,2,2,0,0,129.0,3044.195,0.0,0.0,0,idle_timeout,2026-05-12T19:56:44.176621
38f088e2-b2c4-4823-bb00-b1314484d246,48,browser,6,1,4,1,0,0,228.0,1548.3116666666665,0.16666666666666666,0.0,0,idle_timeout,2026-05-12T19:56:46.172248
758e9453-92d3-496f-8b5f-fef274bd53e8,89,browser,6,2,2,2,0,0,202.0,1933.9516666666668,0.3333333333333333,0.0,0,idle_timeout,2026-05-12T19:56:48.188444
8629c44a-5c9c-4fd3-92d7-1410231dae6e,66,browser,5,3,2,0,0,0,263.0,2377.732,0.6,0.0,0,idle_timeout,2026-05-12T19:56:50.206038
e5800b05-32a7-4032-a803-641a913f79b4,29,interested,8,1,5,1,1,0,312.0,2906.2799999999997,0.125,0.125,0,idle_timeout,2026-05-12T19:56:52.200703
20c76a0a-be77-48f1-b84b-9c859259490c,51,browser,5,0,3,2,0,0,213.0,1797.2900000000002,0.0,0.0,0,idle_timeout,2026-05-12T19:56:54.211014
445068fe-5750-4823-a2ae-171f329341d7,86,interested,4,0,0,2,2,0,139.0,2987.7774999999997,0.0,0.5,0,idle_timeout,2026-05-12T19:56:56.209846
93f4b686-1328-4d05-a51d-1c642c8a5ae1,30,interested,5,2,2,0,1,0,209.0,3313.1879999999996,0.4,0.2,0,idle_timeout,2026-05-12T19:56:58.223481
fe3c272f-0d49-4c78-a704-ab790253eb09,66,browser,5,4,1,0,0,0,213.0,3014.172,0.8,0.0,0,idle_timeout,2026-05-12T19:57:00.226178
d04a65ab-a5f3-4924-aa4d-213cd38fce01,19,browser,7,2,3,2,0,0,311.0,3428.9357142857143,0.2857142857142857,0.0,0,idle_timeout,2026-05-12T19:57:02.235027
e299b666-8061-4506-bb4c-e98cd95bd3e2,22,browser,3,1,2,0,0,0,118.0,2224.8433333333337,0.3333333333333333,0.0,0,idle_timeout,2026-05-12T19:57:04.238408
8cd26c44-19e7-4821-8e96-7b09262af304,64,buyer,7,2,1,2,1,1,306.0,1602.4957142857145,0.2857142857142857,0.14285714285714285,1,purchase_event,2026-05-12T19:57:05.237978
fb1bae42-6374-4427-a425-ca9345c46c85,21,interested,8,0,2,1,5,0,355.0,2414.39625,0.0,0.625,0,idle_timeout,2026-05-12T19:57:06.243533
9da57695-3979-4bab-806b-f2c5ac427358,55,browser,7,2,4,1,0,0,217.0,1955.55,0.2857142857142857,0.0,0,idle_timeout,2026-05-12T19:57:10.276203
6eaf9c3b-bc54-4b22-8f65-a036041c63f5,91,buyer,6,3,0,0,2,1,233.0,2685.07,0.5,0.3333333333333333,1,purchase_event,2026-05-12T19:57:11.265053
1a99f529-8a63-405d-9edf-c02bb4925dc5,77,browser,5,4,1,0,0,0,282.0,1787.208,0.8,0.0,0,idle_timeout,2026-05-12T19:57:12.273150
3c89a7c8-7e08-43cd-9260-0f795d445260,50,buyer,6,3,1,0,1,1,258.0,1906.3450000000003,0.5,0.16666666666666666,1,purchase_event,2026-05-12T19:57:13.269892
00568897-dbb5-43bb-989d-997faa08fe63,38,browser,7,2,5,0,0,0,329.0,3404.3414285714284,0.2857142857142857,0.0,0,idle_timeout,2026-05-12T19:57:18.283775
d723ae94-cea3-4342-8231-4949f1848c08,40,interested,4,0,2,1,1,0,116.0,2002.545,0.0,0.25,0,idle_timeout,2026-05-12T19:57:20.296441
a2329a25-efb8-428f-ad39-85ee99826067,41,browser,7,2,4,1,0,0,350.0,1817.6885714285713,0.2857142857142857,0.0,0,idle_timeout,2026-05-12T19:57:22.291125
2e1645fd-b4af-4d09-984c-107d102bea33,40,buyer,5,1,1,0,2,1,174.0,2561.3,0.2,0.4,1,purchase_event,2026-05-12T19:57:23.292490
d6a9b091-2154-4bf1-9e98-ed6af319c29f,65,browser,4,0,2,2,0,0,91.0,3557.5175,0.0,0.0,0,idle_timeout,2026-05-12T19:57:24.297182
e2467b7b-649b-4d8b-861a-9f2e0a73530a,99,buyer,8,2,1,0,4,1,451.0,3350.625,0.25,0.5,1,purchase_event,2026-05-12T19:57:27.305242
7af6d9ff-6d0c-4207-8f9d-08c59fc91ee2,76,browser,5,1,3,1,0,0,283.0,3269.5620000000004,0.2,0.0,0,idle_timeout,2026-05-12T19:57:28.314433
f673e6bb-3834-4e87-adad-e75c29db4c35,35,browser,3,1,1,1,0,0,83.0,2009.6133333333335,0.3333333333333333,0.0,0,idle_timeout,2026-05-12T19:57:32.311830
94b172a6-7f4f-4aed-9876-c8710fefbf8c,54,interested,5,1,2,1,1,0,101.0,2287.5440000000003,0.2,0.2,0,idle_timeout,2026-05-12T19:57:34.315020
7abd1ad9-a431-4c3d-8b7c-f51280361b9c,19,browser,6,4,2,0,0,0,293.0,2837.84,0.6666666666666666,0.0,0,idle_timeout,2026-05-12T19:57:36.327798
ba077cfe-bc84-47d7-9b9d-321b541781a0,93,buyer,8,3,1,0,3,1,354.0,1505.6712499999999,0.375,0.375,1,purchase_event,2026-05-12T19:57:37.323167
81f8a5ec-8d7c-4351-a7c0-bf9a85b66f57,78,browser,3,1,2,0,0,0,75.0,2372.9900000000002,0.3333333333333333,0.0,0,idle_timeout,2026-05-12T19:57:38.332540
19ddb42d-0c64-4395-bda8-5794589b66a1,17,interested,7,2,2,1,2,0,303.0,2218.0600000000004,0.2857142857142857,0.2857142857142857,0,idle_timeout,2026-05-12T19:57:42.340983
f7ed4674-0703-4b2c-a882-ce2d5f8ecd26,55,browser,4,1,2,1,0,0,166.0,2125.4700000000003,0.25,0.0,0,idle_timeout,2026-05-12T19:57:44.340448
8aac0049-b851-4f4b-9c28-5edab9bc123b,67,browser,4,1,3,0,0,0,157.0,3127.4775,0.25,0.0,0,idle_timeout,2026-05-12T19:57:46.335459
2d32f25c-dd2b-48a2-b356-b20f5ce0b62a,53,browser,3,0,2,1,0,0,63.0,1763.0199999999998,0.0,0.0,0,idle_timeout,2026-05-12T19:57:48.348895
e7812fe8-dae5-40e7-acf7-ff5281642fde,16,browser,7,2,4,1,0,0,306.0,2637.0514285714285,0.2857142857142857,0.0,0,idle_timeout,2026-05-12T19:57:50.356823
1687d6de-6465-4672-89db-bf0018fc6ef2,23,buyer,8,3,0,0,4,1,333.0,2964.46625,0.375,0.5,1,purchase_event,2026-05-12T19:57:51.359808
f2dec13f-f132-41ef-a130-5d3cc7e41c62,86,interested,8,2,3,1,2,0,347.0,1586.3375,0.25,0.25,0,idle_timeout,2026-05-12T19:57:52.374992
4197e0bc-b5cf-49a9-b85b-08a06e3a76d8,91,browser,5,2,2,1,0,0,162.0,3013.9919999999997,0.4,0.0,0,idle_timeout,2026-05-12T19:57:56.376213
d3969ac2-3890-4f3d-a631-fca02d2cfb1f,78,interested,5,0,2,1,2,0,195.0,2965.592,0.0,0.4,0,idle_timeout,2026-05-12T19:57:58.380139
6e677a47-a14e-40c4-a150-4f9d52b51bec,16,browser,7,2,3,2,0,0,232.0,2681.0728571428567,0.2857142857142857,0.0,0,idle_timeout,2026-05-12T19:58:00.388670
c9f26383-04a6-4e76-bdc9-94cdf2118bac,89,browser,6,1,5,0,0,0,261.0,1768.695,0.16666666666666666,0.0,0,idle_timeout,2026-05-12T19:58:02.389832
3022fff9-361d-4818-aa10-5ad6ea1f0b3b,67,interested,4,2,1,1,0,0,149.0,2062.355,0.5,0.0,0,idle_timeout,2026-05-12T19:58:04.395387
0ffcbc64-2b13-4c66-8da3-7c776ce1d0ff,75,interested,6,1,1,1,3,0,295.0,3446.0533333333333,0.16666666666666666,0.5,0,idle_timeout,2026-05-12T19:58:06.397687
6eaf0efd-b8cf-48cf-b9e0-4cb3bc89539a,56,buyer,8,3,2,0,2,1,338.0,3107.9525,0.375,0.25,1,purchase_event,2026-05-12T19:58:07.394311
35f5a7ed-8b77-42b2-ab34-5ad2378c5878,91,browser,5,3,1,1,0,0,265.0,1185.9740000000002,0.6,0.0,0,idle_timeout,2026-05-12T19:58:08.406084
1c68ab1a-bb04-4e79-8b25-9cbdf2e4c765,15,browser,7,0,5,2,0,0,344.0,3211.0014285714283,0.0,0.0,0,idle_timeout,2026-05-12T19:58:12.418920
ddce1faf-1386-4cc7-bf52-96a3d245e31c,62,browser,6,3,3,0,0,0,280.0,2089.865,0.5,0.0,0,idle_timeout,2026-05-12T19:58:15.402116
1ec476e7-21a4-40c2-98b2-2dad52c71c2c,8,browser,3,1,2,0,0,0,143.0,3166.5833333333335,0.3333333333333333,0.0,0,idle_timeout,2026-05-12T19:58:16.413575
653a1bc0-25dd-454e-8627-807ec45a310b,61,browser,3,2,1,0,0,0,78.0,2337.0133333333333,0.6666666666666666,0.0,0,idle_timeout,2026-05-12T19:58:18.422458
2a980614-e2da-45e0-a3c2-501820e92ae4,9,interested,7,3,1,1,2,0,290.0,3058.8799999999997,0.42857142857142855,0.2857142857142857,0,idle_timeout,2026-05-12T19:58:20.416593
2d09ea08-38f1-440c-8022-7676d469224a,37,browser,6,2,3,1,0,0,171.0,2605.021666666666,0.3333333333333333,0.0,0,idle_timeout,2026-05-12T19:58:22.432803
e0c6feb9-37c8-4b1f-8033-76a3dfdc9aba,37,interested,6,2,3,1,0,0,331.0,2448.4183333333335,0.3333333333333333,0.0,0,idle_timeout,2026-05-12T19:58:24.435196
56a3864a-4e65-4028-b273-df49c52bbe12,5,browser,4,3,1,0,0,0,210.0,2024.0950000000003,0.75,0.0,0,idle_timeout,2026-05-12T19:58:26.435831
5ffdd917-408d-4b3e-a192-cd43810b9579,49,buyer,6,1,1,0,3,1,135.0,2111.5750000000003,0.16666666666666666,0.5,1,purchase_event,2026-05-12T19:58:27.439054
fe7ab561-34e2-496d-a2ba-5551781a48f8,2,browser,3,2,1,0,0,0,92.0,1687.07,0.6666666666666666,0.0,0,idle_timeout,2026-05-12T19:58:28.446943
96c49b6d-7b52-41da-b99b-99aa2820138d,53,browser,4,1,3,0,0,0,149.0,2948.7925,0.25,0.0,0,idle_timeout,2026-05-12T19:58:32.461833
cda1d607-bc48-446d-8f86-975022900413,94,interested,7,4,2,1,0,0,267.0,2298.05,0.5714285714285714,0.0,0,idle_timeout,2026-05-12T19:58:34.462677
48e44d70-f23a-4f70-a7fd-cdd4f8712922,73,buyer,6,2,2,1,0,1,273.0,2323.678333333333,0.3333333333333333,0.0,1,purchase_event,2026-05-12T19:58:35.458120
cc701f65-cda9-494f-9e7a-6dcc0bc41ee8,40,interested,7,2,3,1,1,0,283.0,2560.64,0.2857142857142857,0.14285714285714285,0,idle_timeout,2026-05-12T19:58:36.464924
3a1d8815-4caa-49f8-ab15-d32d3d9fead1,23,browser,5,1,3,1,0,0,234.0,1529.088,0.2,0.0,0,idle_timeout,2026-05-12T19:58:40.480371
9676c108-985b-470a-b1f3-b8b058db91df,42,interested,8,5,1,0,2,0,419.0,1974.2362500000002,0.625,0.25,0,idle_timeout,2026-05-12T19:58:42.474379
d9ae9dd3-81cc-4e90-a974-fd74e34169cf,45,interested,4,0,3,1,0,0,219.0,2162.88,0.0,0.0,0,idle_timeout,2026-05-12T19:58:44.483929
697c15dd-34cd-45db-810b-a3feb7e8eef5,22,interested,8,2,3,3,0,0,338.0,2339.97,0.25,0.0,0,idle_timeout,2026-05-12T19:58:47.479304
c0972b05-ba6c-4c3d-be5b-54a8e1f48e1b,30,browser,3,1,1,1,0,0,79.0,1986.8233333333335,0.3333333333333333,0.0,0,idle_timeout,2026-05-12T19:58:48.499361
d0b883f0-880e-4bc9-85cb-1d847a6b2b84,70,browser,4,1,3,0,0,0,106.0,3423.28,0.25,0.0,0,idle_timeout,2026-05-12T19:58:50.495675
7a3ec3e3-e860-471b-8a03-ae8edbdcb1fa,35,browser,3,1,2,0,0,0,109.0,2164.0,0.3333333333333333,0.0,0,idle_timeout,2026-05-12T19:58:52.496723
71aae166-d703-4451-9b68-3b963b7fd868,26,browser,4,1,1,2,0,0,131.0,1717.4750000000001,0.25,0.0,0,idle_timeout,2026-05-12T19:58:54.503250
595ede83-d479-419a-9a44-808f4f684834,83,buyer,7,0,3,0,3,1,386.0,2920.905714285714,0.0,0.42857142857142855,1,purchase_event,2026-05-12T19:58:55.507748
b7871ec8-faca-43bb-b49a-81899f18f3c5,71,interested,7,2,1,1,3,0,276.0,2488.2757142857145,0.2857142857142857,0.42857142857142855,0,idle_timeout,2026-05-12T19:58:56.518923
dde77387-35c6-4401-9b0b-18cc8a420c39,78,buyer,6,1,2,0,2,1,197.0,1531.9283333333333,0.16666666666666666,0.3333333333333333,1,purchase_event,2026-05-12T19:58:57.512401
2e260ebf-332b-4e45-9f05-ee59b9b7f89d,61,interested,8,1,1,3,3,0,409.0,2455.3625,0.125,0.375,0,idle_timeout,2026-05-12T19:59:02.539880
04a83b67-be84-4bf6-8308-4c6791ae63a6,66,interested,8,2,1,4,1,0,356.0,2557.53625,0.25,0.125,0,idle_timeout,2026-05-12T19:59:04.540711
fb494d5e-a8db-49c7-8f45-233076f88870,40,browser,7,1,5,1,0,0,257.0,2983.8300000000004,0.14285714285714285,0.0,0,idle_timeout,2026-05-12T19:59:06.542222
d6ce2431-2388-438a-bb53-894c74f4a50d,7,interested,4,1,2,1,0,0,178.0,1692.5675,0.25,0.0,0,idle_timeout,2026-05-12T19:59:08.550560
43d5dc59-4988-4a57-b944-c6f6408abd69,70,browser,4,1,2,1,0,0,156.0,1637.375,0.25,0.0,0,idle_timeout,2026-05-12T19:59:10.564011
7fcb24b1-6f17-4adb-993b-96373850baba,30,buyer,8,2,4,0,1,1,410.0,2463.15,0.25,0.125,1,purchase_event,2026-05-12T19:59:11.561925
596fa469-188c-467c-ae1f-f86c28fe4ef1,36,interested,8,1,4,0,3,0,401.0,2102.1012499999997,0.125,0.375,0,idle_timeout,2026-05-12T19:59:12.573417
dd82ba6a-fe3e-454b-8711-115626bf4d16,18,interested,8,4,0,0,4,0,485.0,2446.2275,0.5,0.5,0,idle_timeout,2026-05-12T19:59:16.575030
55a943eb-51b6-45da-8cc7-eaedb10266ae,33,interested,5,2,2,0,1,0,206.0,1410.824,0.4,0.2,0,idle_timeout,2026-05-12T19:59:18.571313
2a0a01bd-35b7-4e66-a381-8b75d78e281f,88,buyer,7,2,1,0,3,1,285.0,3547.027142857143,0.2857142857142857,0.42857142857142855,1,purchase_event,2026-05-12T19:59:19.581137
46e853a2-508e-4498-9974-f27f161b8ba3,96,interested,4,0,2,0,2,0,164.0,1516.395,0.0,0.5,0,idle_timeout,2026-05-12T19:59:20.595265
127aaa5d-a338-408a-9758-167bdc8e29a7,54,browser,3,0,2,1,0,0,124.0,2760.5333333333333,0.0,0.0,0,idle_timeout,2026-05-12T19:59:24.594930
f8c64429-0889-4558-ab6f-cd5987ba7286,76,interested,8,1,4,1,2,0,274.0,2345.0775,0.125,0.25,0,idle_timeout,2026-05-12T19:59:26.602817
b6e34fba-7ca3-4381-9c6f-6ca24b2c1d70,16,buyer,8,3,4,0,0,1,417.0,3070.0625,0.375,0.0,1,purchase_event,2026-05-12T19:59:27.603129
5422b15b-f621-44cd-8927-6ad545f07578,79,interested,8,0,4,2,2,0,290.0,3053.3725,0.0,0.25,0,idle_timeout,2026-05-12T19:59:28.617281
1f0e5406-d116-4e1c-a2cd-ed960079250e,10,buyer,7,3,2,0,1,1,278.0,2667.2485714285717,0.42857142857142855,0.14285714285714285,1,purchase_event,2026-05-12T19:59:29.606159
dc7c8cf9-1dfc-47cd-ac5e-ffff02933ac2,19,browser,4,1,3,0,0,0,80.0,3163.1575,0.25,0.0,0,idle_timeout,2026-05-12T19:59:34.621176
5fa9be23-a914-4b83-adbf-47e62640ed37,85,interested,7,2,4,1,0,0,417.0,2657.5842857142857,0.2857142857142857,0.0,0,idle_timeout,2026-05-12T19:59:36.632670
45661ca8-660b-4f7d-96fb-e49d4e97e5c0,71,interested,5,2,2,1,0,0,131.0,2479.008,0.4,0.0,0,idle_timeout,2026-05-12T19:59:38.637291
555bda5d-8499-415a-b4ed-d89e8ef85696,77,browser,5,1,3,1,0,0,256.0,3946.454,0.2,0.0,0,idle_timeout,2026-05-12T19:59:40.632173
39e6eff5-f9a8-4f0b-8f21-465ee072a879,88,interested,8,2,2,4,0,0,311.0,2871.7237499999997,0.25,0.0,0,idle_timeout,2026-05-12T19:59:42.638966
2fa01622-d16f-4759-aeda-ff76c5d346c2,100,browser,3,1,0,2,0,0,114.0,1714.5633333333335,0.3333333333333333,0.0,0,idle_timeout,2026-05-12T19:59:44.644745
51a5c188-c9cd-46c5-a9b4-2b35afbec578,56,browser,3,0,2,1,0,0,151.0,3351.9500000000003,0.0,0.0,0,idle_timeout,2026-05-12T19:59:46.649672
ab0ee435-3bdc-4eae-8e4a-329262d0d2a0,38,interested,6,1,3,1,1,0,304.0,1701.4566666666667,0.16666666666666666,0.16666666666666666,0,idle_timeout,2026-05-12T19:59:48.645676
a36ade0c-77a3-4626-bb3e-48a5ca633046,15,buyer,7,2,0,1,3,1,425.0,3814.36,0.2857142857142857,0.42857142857142855,1,purchase_event,2026-05-12T19:59:49.650440
e3bc09c5-97e4-496c-a0d4-2b37ff0959df,57,browser,4,0,2,2,0,0,128.0,3754.0325000000003,0.0,0.0,0,idle_timeout,2026-05-12T19:59:50.656032
1e6f9fe9-957e-4f5e-8042-e5ebbc04e54f,32,buyer,7,1,1,0,4,1,285.0,2292.29,0.14285714285714285,0.5714285714285714,1,purchase_event,2026-05-12T19:59:53.663131
f0b746c7-0022-4015-9f6f-dd89f739de20,3,browser,6,0,3,3,0,0,254.0,2601.641666666667,0.0,0.0,0,idle_timeout,2026-05-12T19:59:54.673394
16e3a328-a89a-4247-b17a-1b73d9d281ba,28,interested,5,0,3,1,1,0,209.0,2645.904,0.0,0.2,0,idle_timeout,2026-05-12T19:59:58.674832
4cf75b94-cfc3-40c5-8bb1-6e8ef7bd6e37,94,browser,3,0,3,0,0,0,88.0,4260.223333333334,0.0,0.0,0,idle_timeout,2026-05-12T20:00:00.677395
b2929c6b-8caf-4fd1-b50a-c646ab07f229,95,browser,7,2,4,1,0,0,327.0,1634.267142857143,0.2857142857142857,0.0,0,idle_timeout,2026-05-12T20:00:02.679215
382b46c9-a45a-45b5-8516-cad616d19487,16,interested,5,3,2,0,0,0,256.0,2570.304,0.6,0.0,0,idle_timeout,2026-05-12T20:00:04.693793
6149d875-7e64-40e5-9b39-7494399a1312,91,buyer,8,1,2,1,3,1,376.0,2461.5462500000003,0.125,0.375,1,purchase_event,2026-05-12T20:00:05.694795
339b3831-14be-4343-a928-6f6642c2648c,95,browser,5,3,2,0,0,0,134.0,3001.6,0.6,0.0,0,idle_timeout,2026-05-12T20:00:06.709220
4309cc1c-9cdd-4f2e-9ad5-c0d60bd05665,88,browser,3,1,1,1,0,0,117.0,2397.41,0.3333333333333333,0.0,0,idle_timeout,2026-05-12T20:00:10.704481
39152c12-a1f5-40d9-8c95-3a7cf4ec832e,87,buyer,5,1,2,0,1,1,206.0,2908.186,0.2,0.2,1,purchase_event,2026-05-12T20:00:11.704426
e87536a1-c15c-4ed5-b912-0ee7e2108e3a,66,browser,6,2,3,1,0,0,251.0,3654.188333333333,0.3333333333333333,0.0,0,idle_timeout,2026-05-12T20:00:12.713481
d480d1d3-edfe-46b3-a5e2-4b3df51387b2,75,interested,5,2,1,1,1,0,307.0,2988.052,0.4,0.2,0,idle_timeout,2026-05-12T20:00:16.726767
9b7dda43-a8e3-4f93-9771-feeee3aed0a4,51,browser,6,3,1,2,0,0,139.0,2495.685,0.5,0.0,0,idle_timeout,2026-05-12T20:00:18.731944
ba4271d0-3e67-4f52-a2e7-301462cbc6f9,77,interested,6,2,2,0,2,0,235.0,1213.1599999999999,0.3333333333333333,0.3333333333333333,0,idle_timeout,2026-05-12T20:00:20.727257
85e48bef-bae9-4111-895e-ce17e3127ea7,86,browser,5,0,5,0,0,0,252.0,1935.828,0.0,0.0,0,idle_timeout,2026-05-12T20:00:22.731408
b8bd85e8-694d-4b95-b4b2-a4881bb73293,69,browser,7,2,5,0,0,0,353.0,2940.5442857142857,0.2857142857142857,0.0,0,idle_timeout,2026-05-12T20:00:24.747092
1d6591dc-60d3-4067-b371-d293fd63e1a6,55,browser,5,1,3,1,0,0,234.0,3385.9919999999997,0.2,0.0,0,idle_timeout,2026-05-12T20:00:26.737290
355edbc1-6373-4b6a-a0f9-162a724e650e,41,browser,5,3,1,1,0,0,246.0,1935.9099999999999,0.6,0.0,0,idle_timeout,2026-05-12T20:00:28.748123
af822aac-c9b6-48e6-9367-ec5fdce62b9d,55,browser,5,2,2,1,0,0,204.0,2922.9399999999996,0.4,0.0,0,idle_timeout,2026-05-12T20:00:30.751846
13e1b633-8f22-484e-8ab5-5b5dfe26e912,18,browser,3,0,3,0,0,0,120.0,1986.1166666666668,0.0,0.0,0,idle_timeout,2026-05-12T20:00:32.757374
6d1f77ea-842f-4b76-8081-a8ab3dd83046,25,interested,4,1,3,0,0,0,86.0,2535.71,0.25,0.0,0,idle_timeout,2026-05-12T20:00:34.759799
b2fe2f05-7d55-4f7f-9f66-4920fe7f955f,22,buyer,8,4,0,1,2,1,288.0,2557.86,0.5,0.25,1,purchase_event,2026-05-12T20:00:35.764413
cdc13e26-4a72-4e37-b134-9addb9f1b9ad,20,browser,7,0,6,1,0,0,288.0,2243.815714285714,0.0,0.0,0,idle_timeout,2026-05-12T20:00:36.768221
bd198075-6647-464a-9d0e-a90c78323c8d,43,browser,6,0,5,1,0,0,149.0,2494.475,0.0,0.0,0,idle_timeout,2026-05-12T20:00:40.773392
3dfaa9d8-4eff-4ba8-abf8-36071b03570a,64,buyer,8,2,4,0,1,1,274.0,3215.6,0.25,0.125,1,purchase_event,2026-05-12T20:00:41.778409
5db0141d-3671-4ba0-bd51-cd118d9ea963,5,interested,5,3,0,0,2,0,145.0,2978.208,0.6,0.4,0,idle_timeout,2026-05-12T20:00:42.794027
61f8301b-0a70-455b-9db4-ee1a2da33ccc,19,buyer,7,3,1,0,2,1,200.0,2670.7085714285713,0.42857142857142855,0.2857142857142857,1,purchase_event,2026-05-12T20:00:43.781530
d8382234-2ad7-4627-8c5a-aa90c1ea52bc,99,browser,3,1,2,0,0,0,101.0,1163.4800000000002,0.3333333333333333,0.0,0,idle_timeout,2026-05-12T20:00:48.801139
071335c9-b047-437a-bf88-b6c3704870b0,71,interested,8,2,1,2,3,0,387.0,1828.97125,0.25,0.375,0,idle_timeout,2026-05-12T20:00:50.805494
caf5d42d-c0d6-4038-9e5e-ddf5f1b8f45f,15,interested,5,1,3,0,1,0,253.0,2596.16,0.2,0.2,0,idle_timeout,2026-05-12T20:00:52.795060
81e3db20-868e-4f80-b398-aac4b79f7a22,89,interested,4,0,1,0,3,0,158.0,1585.0199999999998,0.0,0.75,0,idle_timeout,2026-05-12T20:00:54.809898
711a8c0b-dd89-4ef5-bcf2-cdbcfa818794,90,browser,5,1,2,2,0,0,204.0,1940.15,0.2,0.0,0,idle_timeout,2026-05-12T20:00:56.808790
7a648fcb-5296-4cea-a35b-38be7ea70c1b,48,browser,7,2,4,1,0,0,319.0,1796.4971428571428,0.2857142857142857,0.0,0,idle_timeout,2026-05-12T20:00:58.809657
32a819e8-8202-4268-b37c-6fab3fa69a3b,5,interested,4,3,1,0,0,0,124.0,2318.495,0.75,0.0,0,idle_timeout,2026-05-12T20:01:00.819361
a2b71949-f76d-45e8-8141-c4777bd0463e,10,browser,3,2,0,1,0,0,134.0,2391.14,0.6666666666666666,0.0,0,idle_timeout,2026-05-12T20:01:02.828285
86baf774-fe73-4918-ab70-a84663985901,36,interested,6,3,0,0,3,0,239.0,2881.4616666666666,0.5,0.5,0,idle_timeout,2026-05-12T20:01:04.829218
68719705-b5a8-46c7-8b33-004bef5017e3,65,buyer,5,2,0,1,1,1,183.0,2762.3040000000005,0.4,0.2,1,purchase_event,2026-05-12T20:01:05.827190
59baea4c-f8c4-45cd-b0ee-8c10ff9b71e3,96,interested,6,0,3,1,2,0,287.0,2994.4916666666663,0.0,0.3333333333333333,0,idle_timeout,2026-05-12T20:01:06.836294
f19aa58c-5828-4988-9551-05850b3ed7f1,24,buyer,5,1,0,0,3,1,170.0,3436.2259999999997,0.2,0.6,1,purchase_event,2026-05-12T20:01:09.835095
ce0731e2-0952-4834-b8fd-c178fc78eca5,80,browser,4,3,1,0,0,0,177.0,2265.45,0.75,0.0,0,idle_timeout,2026-05-12T20:01:10.848230
c08dddd6-98d6-4ef8-8350-1ca33b32ca74,39,buyer,5,1,0,1,2,1,276.0,2098.982,0.2,0.4,1,purchase_event,2026-05-12T20:01:11.839825
41668b2e-377b-472d-8b89-e401819632e0,84,buyer,7,1,4,0,1,1,257.0,2620.575714285714,0.14285714285714285,0.14285714285714285,1,purchase_event,2026-05-12T20:01:15.849490
ca9fc28c-9185-4c8c-bd35-31226674b4d9,48,browser,7,3,3,1,0,0,467.0,2228.781428571429,0.42857142857142855,0.0,0,idle_timeout,2026-05-12T20:01:16.854336
32728900-e681-4f38-b267-f91f765f9d31,40,buyer,6,2,1,1,1,1,222.0,2988.7383333333332,0.3333333333333333,0.16666666666666666,1,purchase_event,2026-05-12T20:01:19.855912
d28501d8-d698-48ae-9f1f-53b7a63d2d50,53,interested,5,1,1,1,2,0,168.0,2289.482,0.2,0.4,0,idle_timeout,2026-05-12T20:01:20.862250
b0241769-1b36-49c8-95ae-c77261812c71,5,buyer,5,1,2,0,1,1,166.0,3059.8360000000002,0.2,0.2,1,purchase_event,2026-05-12T20:01:23.863538
a8c58695-9438-4408-9fab-fe4665daadf6,38,interested,6,0,3,1,2,0,226.0,2627.8199999999997,0.0,0.3333333333333333,0,idle_timeout,2026-05-12T20:01:24.867592
f9aefaea-338c-4f8d-ab42-c74ba33d014b,92,browser,4,2,2,0,0,0,136.0,4215.205,0.5,0.0,0,idle_timeout,2026-05-12T20:01:28.878246
fe64e688-e0f1-4b64-bc88-796afe65eb1a,3,interested,5,3,2,0,0,0,207.0,1806.0120000000002,0.6,0.0,0,idle_timeout,2026-05-12T20:01:30.883416
48c672a8-ae86-4b6f-87c8-3c4b2bebc1c3,47,browser,4,2,0,2,0,0,135.0,1273.365,0.5,0.0,0,idle_timeout,2026-05-12T20:01:32.893040
9299658e-8136-41db-9acf-d99188e8ee7b,32,browser,7,2,1,4,0,0,362.0,2381.034285714286,0.2857142857142857,0.0,0,idle_timeout,2026-05-12T20:01:34.894160
8bdce0dd-d70f-45e8-9890-e56c6e40e18b,37,interested,4,2,2,0,0,0,170.0,2279.62,0.5,0.0,0,idle_timeout,2026-05-12T20:01:36.891388
0386c607-8af5-4468-959b-9ac451a7dfb2,89,browser,7,3,4,0,0,0,307.0,1804.8914285714286,0.42857142857142855,0.0,0,idle_timeout,2026-05-12T20:01:38.906996
6ada864c-b4fc-4dd2-9b9d-0c778d25601e,18,browser,6,2,4,0,0,0,138.0,1679.2900000000002,0.3333333333333333,0.0,0,idle_timeout,2026-05-12T20:01:40.908915
7dc61805-c3a0-4d59-a82c-47f99088a081,56,browser,3,2,1,0,0,0,51.0,3570.063333333333,0.6666666666666666,0.0,0,idle_timeout,2026-05-12T20:01:42.907487
6f822b22-aa05-4598-b151-9b928b35b4db,64,interested,6,2,2,1,1,0,242.0,1942.3116666666667,0.3333333333333333,0.16666666666666666,0,idle_timeout,2026-05-12T20:01:44.918347
5a96487f-d1e2-43d9-87ca-31a6c7a5c030,51,buyer,5,2,1,1,0,1,231.0,3248.9300000000003,0.4,0.0,1,purchase_event,2026-05-12T20:01:45.914290
927f8570-02a1-46f8-8a6d-25ac6de42149,7,browser,5,1,3,1,0,0,109.0,3395.602,0.2,0.0,0,idle_timeout,2026-05-12T20:01:46.917541
737b3cc7-6e6f-4fd6-b156-d2e73f4ce13a,78,browser,6,3,2,1,0,0,247.0,2422.6333333333337,0.5,0.0,0,idle_timeout,2026-05-12T20:01:50.929229
c2180164-cd7b-49a7-8582-3cc5c7e67e31,78,browser,5,3,2,0,0,0,155.0,3116.21,0.6,0.0,0,idle_timeout,2026-05-12T20:01:52.929466
014148f8-e6e9-43aa-9293-6b19ec266f06,89,interested,6,2,2,2,0,0,204.0,2969.153333333333,0.3333333333333333,0.0,0,idle_timeout,2026-05-12T20:01:54.932602
6111d2af-5028-4a42-94f6-01ea971fd006,3,interested,4,0,3,0,1,0,111.0,2274.8175,0.0,0.25,0,idle_timeout,2026-05-12T20:01:56.934706
bfeb35ea-5eea-42e3-bfb7-a645524d8a5a,8,browser,4,2,2,0,0,0,84.0,2302.9975000000004,0.5,0.0,0,idle_timeout,2026-05-12T20:01:58.949316
b6a20595-0fe4-4672-9811-dda8a997764e,49,interested,8,1,6,1,0,0,411.0,2483.995,0.125,0.0,0,idle_timeout,2026-05-12T20:02:00.953265
e2c66bf6-e7ae-45d2-ace3-abeb1f3adab9,93,interested,8,2,2,1,3,0,264.0,2496.06375,0.25,0.375,0,idle_timeout,2026-05-12T20:02:02.951805
2d203123-ada9-4315-a5a3-b98c60c80fa4,21,browser,7,1,2,4,0,0,233.0,1325.7085714285713,0.14285714285714285,0.0,0,idle_timeout,2026-05-12T20:02:04.970439
a3d03021-dff1-4e88-a602-dc03a10874c7,28,buyer,5,1,1,0,2,1,246.0,1718.346,0.2,0.4,1,purchase_event,2026-05-12T20:02:05.964188
c7816302-ffcc-41b5-8693-94abecaa76e2,77,interested,8,2,5,0,1,0,406.0,2743.6775,0.25,0.125,0,idle_timeout,2026-05-12T20:02:06.973026
d97ad7d0-1ade-47a8-9f8c-6d40f54ef7a4,2,buyer,7,3,2,0,1,1,250.0,2787.638571428571,0.42857142857142855,0.14285714285714285,1,purchase_event,2026-05-12T20:02:09.981003
aa2c66b1-1535-459c-90ad-41c446aca3b2,84,browser,7,0,6,1,0,0,300.0,3558.0414285714287,0.0,0.0,0,idle_timeout,2026-05-12T20:02:10.994320
49143544-a732-4c73-9276-bf2837d0ca83,28,buyer,8,1,3,0,3,1,381.0,1710.2275000000002,0.125,0.375,1,purchase_event,2026-05-12T20:02:13.992138
22d52e83-1b71-4ef0-8c42-97800a8e41a8,69,browser,4,2,1,1,0,0,146.0,1865.8725,0.5,0.0,0,idle_timeout,2026-05-12T20:02:15.008673
c99ed407-9618-4020-b0e8-41a8b3637dd6,72,browser,5,2,2,1,0,0,189.0,3215.96,0.4,0.0,0,idle_timeout,2026-05-12T20:02:18.998340
a1562902-bc80-411e-b01c-27dd59e3aad3,98,buyer,7,1,3,0,2,1,298.0,2762.785714285714,0.14285714285714285,0.2857142857142857,1,purchase_event,2026-05-12T20:02:20.006584
1b80fe23-1017-4446-86fa-97736e58107c,21,browser,5,3,2,0,0,0,190.0,1957.0040000000001,0.6,0.0,0,idle_timeout,2026-05-12T20:02:21.012142
bacdcdfe-3d15-4af9-a441-5973c8aa2f6c,95,interested,4,0,1,0,3,0,173.0,1759.0149999999999,0.0,0.75,0,idle_timeout,2026-05-12T20:02:25.017327
65c96f66-b50a-4866-84ee-8b169c6861a3,31,browser,7,4,3,0,0,0,246.0,2057.847142857143,0.5714285714285714,0.0,0,idle_timeout,2026-05-12T20:02:27.027569
a04e0730-28da-47c8-9f8c-4d3551b39dc4,62,buyer,8,1,1,1,4,1,334.0,2958.5687500000004,0.125,0.5,1,purchase_event,2026-05-12T20:02:28.028357
17c44bf7-d20f-433b-83db-4782e2c2cae9,94,browser,5,2,2,1,0,0,164.0,1917.8980000000004,0.4,0.0,0,idle_timeout,2026-05-12T20:02:29.044692
592c9a87-24c7-4576-aa73-ab6559667ff7,71,buyer,7,3,0,3,0,1,260.0,3114.275714285714,0.42857142857142855,0.0,1,purchase_event,2026-05-12T20:02:30.033114
df2bcad3-10a8-4aba-922e-dfe5943aff31,96,browser,3,1,2,0,0,0,152.0,1536.6633333333332,0.3333333333333333,0.0,0,idle_timeout,2026-05-12T20:02:35.041043
599d27aa-ad49-4112-bcfc-810c1f3c6ac5,29,interested,4,0,0,2,2,0,100.0,1283.5075,0.0,0.5,0,idle_timeout,2026-05-12T20:02:37.048666
ccc19c7b-14f1-49ca-8736-f7557bfd1154,26,interested,4,3,0,1,0,0,153.0,2262.9925000000003,0.75,0.0,0,idle_timeout,2026-05-12T20:02:39.061268
be7f2254-db6b-4a29-af00-ac412b1a45d0,35,browser,5,1,3,1,0,0,110.0,2326.424,0.2,0.0,0,idle_timeout,2026-05-12T20:02:41.067192
8acb838b-4873-4a56-bbfe-2c144a59b54a,45,buyer,6,2,1,0,2,1,347.0,2145.101666666667,0.3333333333333333,0.3333333333333333,1,purchase_event,2026-05-12T20:02:42.107990
a3d60351-91f8-478f-9e75-0f1f759ab602,41,interested,6,1,3,2,0,0,276.0,2536.715,0.16666666666666666,0.0,0,idle_timeout,2026-05-12T20:02:43.131872
520dc9ab-c1c2-4092-abf2-38e7b7281edb,79,browser,7,3,4,0,0,0,395.0,2512.81,0.42857142857142855,0.0,0,idle_timeout,2026-05-12T20:02:47.130402
c3c9027d-c660-4141-9697-34d5290d7358,76,interested,8,2,2,2,2,0,302.0,2324.2687499999997,0.25,0.25,0,idle_timeout,2026-05-12T20:02:49.134849
fc6d3e07-84ab-409d-9498-91f488caaf50,39,browser,6,3,2,1,0,0,220.0,2053.36,0.5,0.0,0,idle_timeout,2026-05-12T20:02:51.130054
551d350a-121c-45dd-888d-fa10e74d832b,38,browser,6,4,1,1,0,0,273.0,2408.3799999999997,0.6666666666666666,0.0,0,idle_timeout,2026-05-12T20:02:53.141127
d3edc5ba-749e-4cdd-a6fa-fdc679a8fdaa,77,interested,4,2,1,0,1,0,165.0,2562.9474999999998,0.5,0.25,0,idle_timeout,2026-05-12T20:02:55.148781
d89107c6-6dd8-4feb-aa22-839d8eb24486,99,browser,7,5,2,0,0,0,376.0,2853.504285714286,0.7142857142857143,0.0,0,idle_timeout,2026-05-12T20:02:57.152660
9edb243d-050a-44ee-bb62-284a0b1f6c86,73,buyer,5,0,2,0,2,1,219.0,2804.8,0.0,0.4,1,purchase_event,2026-05-12T20:02:58.145731
424d8073-a3c8-4635-a429-e124b79a9df9,46,interested,6,4,1,1,0,0,204.0,2598.403333333333,0.6666666666666666,0.0,0,idle_timeout,2026-05-12T20:02:59.161067
ca227973-2108-43e3-a396-9718ae461110,44,browser,5,4,1,0,0,0,156.0,2922.3059999999996,0.8,0.0,0,idle_timeout,2026-05-12T20:03:03.156633
618c3746-c1bc-4854-a728-e0d3f60cc6d8,19,interested,5,1,3,1,0,0,232.0,3644.182,0.2,0.0,0,idle_timeout,2026-05-12T20:03:05.162816
77faf62d-63f5-4b91-a992-d54c4d842e8d,54,interested,6,1,1,0,4,0,316.0,2268.9900000000002,0.16666666666666666,0.6666666666666666,0,idle_timeout,2026-05-12T20:03:07.172933
27de499a-cd49-4405-90d6-0acde42aef2d,77,interested,5,0,3,2,0,0,238.0,3383.1119999999996,0.0,0.0,0,idle_timeout,2026-05-12T20:03:09.170079
6c642e90-5857-4f22-883f-25683030b0d5,1,interested,5,1,3,1,0,0,237.0,3463.422,0.2,0.0,0,idle_timeout,2026-05-12T20:03:11.187012
69ce165a-7c22-42b4-9905-ba113790bd14,46,browser,6,4,0,2,0,0,267.0,3902.566666666666,0.6666666666666666,0.0,0,idle_timeout,2026-05-12T20:03:13.232394
5e29eb08-0b8f-43f8-b840-3d94c761d510,59,browser,4,3,1,0,0,0,213.0,2709.0600000000004,0.75,0.0,0,idle_timeout,2026-05-12T20:03:15.244805
abae3b76-25b6-4683-a79d-6be2aa98cce8,22,buyer,7,0,1,2,3,1,297.0,2695.674285714286,0.0,0.42857142857142855,1,purchase_event,2026-05-12T20:03:16.237021
7c114871-ee98-489a-b448-ee0b0c84339b,50,browser,3,1,2,0,0,0,57.0,2016.8866666666665,0.3333333333333333,0.0,0,idle_timeout,2026-05-12T20:03:17.245623
61bc5bdd-399c-41cc-a122-bacf55366b5f,79,browser,5,2,3,0,0,0,244.0,2716.9300000000003,0.4,0.0,0,idle_timeout,2026-05-12T20:03:21.252245
a14ab505-96ba-476f-911a-9dba37078d03,81,browser,5,0,4,1,0,0,241.0,1303.33,0.0,0.0,0,idle_timeout,2026-05-12T20:03:23.258291
13544bf3-0fdb-4fff-bbe8-da1e385262f4,59,browser,4,2,0,2,0,0,195.0,1988.8999999999999,0.5,0.0,0,idle_timeout,2026-05-12T20:03:25.266571
67fae813-1b75-48ef-ace4-03a73a2aa691,82,buyer,7,3,1,2,0,1,271.0,3465.7357142857145,0.42857142857142855,0.0,1,purchase_event,2026-05-12T20:03:26.263803
2d21c821-85d8-487f-9986-662658e8e253,36,browser,6,4,1,1,0,0,304.0,1248.7416666666666,0.6666666666666666,0.0,0,idle_timeout,2026-05-12T20:03:27.268607
b78669d2-1fef-4296-b436-62f8a76f535b,24,buyer,8,2,4,1,0,1,284.0,2034.7337499999999,0.25,0.0,1,purchase_event,2026-05-12T20:03:28.280428
5fc06e33-c958-4313-9eba-e9dd7baa3eb9,41,buyer,7,2,3,1,0,1,249.0,1973.5428571428572,0.2857142857142857,0.0,1,purchase_event,2026-05-12T20:03:30.280796
8ecded87-b405-4b92-a2b5-eec2ac6c0d12,41,interested,8,3,1,4,0,0,366.0,2992.0237500000003,0.375,0.0,0,idle_timeout,2026-05-12T20:03:35.288395
4853b104-a122-4ccd-a6d9-fe468f87aa3c,26,browser,4,3,1,0,0,0,151.0,1629.1175,0.75,0.0,0,idle_timeout,2026-05-12T20:03:37.294633
f0b0ddf0-c645-4c33-8356-25ed87cbf6b7,21,browser,5,2,3,0,0,0,165.0,3643.8559999999998,0.4,0.0,0,idle_timeout,2026-05-12T20:03:39.307262
b860f8ae-2dd8-43a6-bfff-3ae3ae9b7d60,24,browser,5,0,4,1,0,0,144.0,1653.4599999999998,0.0,0.0,0,idle_timeout,2026-05-12T20:03:41.305567
b7b3c8a5-bc55-499b-b8e3-c19e1bbcd834,15,browser,4,2,1,1,0,0,81.0,2831.4925,0.5,0.0,0,idle_timeout,2026-05-12T20:03:43.304848
c6002bd1-2d09-4317-b059-1b625d1a2322,63,buyer,7,1,2,1,2,1,342.0,3774.922857142857,0.14285714285714285,0.2857142857142857,1,purchase_event,2026-05-12T20:03:44.311489
860bebf7-ebd4-43d1-9156-ba071a4ac8ee,95,interested,8,5,2,1,0,0,378.0,2139.955,0.625,0.0,0,idle_timeout,2026-05-12T20:03:45.314981
03f1f3c1-5650-4bd0-8dfe-8387ddf52ff3,6,interested,4,1,1,0,2,0,130.0,3088.7875000000004,0.25,0.5,0,idle_timeout,2026-05-12T20:03:49.316545
bb2f6854-6e92-440f-b754-4bcdc68d9941,41,browser,4,3,0,1,0,0,199.0,2973.08,0.75,0.0,0,idle_timeout,2026-05-12T20:03:51.329457
2dcbf00e-e577-464b-9466-e1c25266dc5c,3,buyer,5,1,1,1,1,1,140.0,3048.772,0.2,0.2,1,purchase_event,2026-05-12T20:03:52.325676
3feea4de-9173-4259-9143-4a7855f3af6a,91,interested,7,3,2,2,0,0,231.0,1591.8357142857144,0.42857142857142855,0.0,0,idle_timeout,2026-05-12T20:03:53.331027
08c8f3b9-266d-4d47-a868-d0eb4c7c5a63,57,browser,3,0,2,1,0,0,105.0,2389.7833333333333,0.0,0.0,0,idle_timeout,2026-05-12T20:03:57.340415
28ff65d5-f3ac-45e5-acce-074aca9cb226,94,buyer,6,2,0,0,3,1,275.0,2582.471666666667,0.3333333333333333,0.5,1,purchase_event,2026-05-12T20:03:58.339265
9c12eea7-20c2-4cb7-9870-5fe2e5bb3aad,57,interested,5,1,3,0,1,0,270.0,2230.352,0.2,0.2,0,idle_timeout,2026-05-12T20:03:59.343969
f20dbe95-ea9b-4701-bbbc-a179d0f0eaec,40,browser,4,3,0,1,0,0,120.0,3472.8500000000004,0.75,0.0,0,idle_timeout,2026-05-12T20:04:03.363572
9cceca01-faab-4ef5-b3d5-5286aabe7f28,45,interested,8,4,3,0,1,0,277.0,3204.39875,0.5,0.125,0,idle_timeout,2026-05-12T20:04:05.360715
1943d7bb-f55b-465b-a0d0-458e2251891c,78,interested,6,1,3,1,1,0,303.0,1501.805,0.16666666666666666,0.16666666666666666,0,idle_timeout,2026-05-12T20:04:07.366810
df385a58-2a13-4806-8c78-404aeed597ca,3,browser,4,2,1,1,0,0,143.0,1884.075,0.5,0.0,0,idle_timeout,2026-05-12T20:04:09.370374
f0d3940c-df7a-49fb-932b-f2517657578a,58,browser,5,0,5,0,0,0,281.0,2623.816,0.0,0.0,0,idle_timeout,2026-05-12T20:04:11.377055
5f2b8b8b-a761-4e26-b953-2b06a9b0c618,51,buyer,5,1,1,0,2,1,108.0,1550.258,0.2,0.4,1,purchase_event,2026-05-12T20:04:12.372192
5eed89af-ef91-4843-9be3-b6e0a60e0eac,67,browser,6,3,3,0,0,0,234.0,3056.5833333333335,0.5,0.0,0,idle_timeout,2026-05-12T20:04:13.376130
ce9c2704-8060-4963-948c-179bfe8f140b,24,buyer,7,2,0,1,3,1,299.0,2420.5,0.2857142857142857,0.42857142857142855,1,purchase_event,2026-05-12T20:04:14.379804
bff16621-e374-444d-be13-fe963a2bc929,29,buyer,6,0,1,1,3,1,232.0,3436.2666666666664,0.0,0.5,1,purchase_event,2026-05-12T20:04:16.384204
52e5e9a8-4447-4f7c-adcd-d51c59e70e75,61,browser,4,2,1,1,0,0,167.0,2175.2875,0.5,0.0,0,idle_timeout,2026-05-12T20:04:21.397376
5683a760-4162-47e8-89b9-2be35bfb51f4,59,interested,5,3,1,0,1,0,206.0,2190.77,0.6,0.2,0,idle_timeout,2026-05-12T20:04:23.393013
90946980-aa69-42be-8eb1-5d9730f0c1e9,78,browser,4,3,1,0,0,0,143.0,2128.505,0.75,0.0,0,idle_timeout,2026-05-12T20:04:25.400652
72a04f05-7a69-4bc5-82f7-bbac680372e3,36,buyer,5,2,2,0,0,1,201.0,2530.286,0.4,0.0,1,purchase_event,2026-05-12T20:04:26.399890
c8a86491-cafe-42a1-92c4-c2799680744b,9,browser,4,2,0,2,0,0,94.0,3846.48,0.5,0.0,0,idle_timeout,2026-05-12T20:04:27.417400
4df5c449-7b71-436c-823e-5facffb77446,70,interested,6,2,2,0,2,0,272.0,2176.611666666667,0.3333333333333333,0.3333333333333333,0,idle_timeout,2026-05-12T20:04:31.419718
3215e527-22a1-44e0-ac14-66bc2ab1c6b7,69,browser,3,2,0,1,0,0,102.0,988.4366666666666,0.6666666666666666,0.0,0,idle_timeout,2026-05-12T20:04:33.422718
3f45b007-4010-4aff-83ea-31f055d5b1b8,64,browser,7,2,4,1,0,0,378.0,3319.6800000000003,0.2857142857142857,0.0,0,idle_timeout,2026-05-12T20:04:35.423551
40f19084-8780-43c0-b02e-37c694f684b3,58,interested,7,2,3,0,2,0,252.0,2379.7014285714286,0.2857142857142857,0.2857142857142857,0,idle_timeout,2026-05-12T20:04:37.436043
bf20e523-5d4f-4dac-94f0-e9a0e8718da9,57,interested,7,1,2,0,4,0,306.0,2312.4814285714288,0.14285714285714285,0.5714285714285714,0,idle_timeout,2026-05-12T20:04:39.427262
a37d8ac9-6675-4f52-ae75-0b771c4693af,14,buyer,6,2,1,1,1,1,280.0,3397.4949999999994,0.3333333333333333,0.16666666666666666,1,purchase_event,2026-05-12T20:04:40.433435
5c9873cc-8691-4795-aafc-3c2337cbf5b4,19,browser,4,1,2,1,0,0,185.0,2755.9075,0.25,0.0,0,idle_timeout,2026-05-12T20:04:41.443000
ecfb8b81-ad7b-403d-ab19-aea48fe3be01,39,browser,7,4,3,0,0,0,263.0,2409.06,0.5714285714285714,0.0,0,idle_timeout,2026-05-12T20:04:45.447416
948e6622-1c32-4dfd-bbaf-434f6c89c479,54,interested,7,5,0,0,2,0,427.0,2905.8528571428574,0.7142857142857143,0.2857142857142857,0,idle_timeout,2026-05-12T20:04:47.455005
42b8c8b8-35eb-434d-ab9f-f833ceb148e5,64,browser,5,3,1,1,0,0,119.0,1573.3899999999999,0.6,0.0,0,idle_timeout,2026-05-12T20:04:49.463452
9503c2ae-30ab-43e6-8649-a2ee5e5b935e,55,browser,7,1,4,2,0,0,260.0,2170.2457142857143,0.14285714285714285,0.0,0,idle_timeout,2026-05-12T20:04:51.474195
6225c2b6-7754-4d13-8e49-6de50f64f90d,47,browser,4,0,4,0,0,0,149.0,2343.1875,0.0,0.0,0,idle_timeout,2026-05-12T20:04:54.461185
3a7b0d46-19e7-423e-b1e6-b077d357e40d,13,browser,4,4,0,0,0,0,161.0,2492.3050000000003,1.0,0.0,0,idle_timeout,2026-05-12T20:04:55.481185
717a854f-3a04-4bd9-9ac2-c6e05be64df3,52,interested,4,3,0,0,1,0,130.0,1789.6874999999998,0.75,0.25,0,idle_timeout,2026-05-12T20:04:57.514144
b0ba7f39-c2d5-49f3-bc07-197858575a51,98,browser,7,1,6,0,0,0,395.0,3012.6271428571426,0.14285714285714285,0.0,0,idle_timeout,2026-05-12T20:04:59.503779
125bebfd-d917-4b64-b206-adddad4f4426,6,browser,7,3,4,0,0,0,394.0,2465.3742857142856,0.42857142857142855,0.0,0,idle_timeout,2026-05-12T20:05:01.512676
07170950-8e96-4393-a6b4-ffc3e76f0a03,2,buyer,8,1,2,3,1,1,275.0,2420.6725,0.125,0.125,1,purchase_event,2026-05-12T20:05:02.517788
6287bdcd-2280-4c66-a93d-f7c57e29f029,29,interested,6,1,1,1,3,0,263.0,2551.778333333333,0.16666666666666666,0.5,0,idle_timeout,2026-05-12T20:05:03.534860
eef48db7-e939-479c-82d3-8870f1b4d793,87,buyer,7,0,3,0,3,1,265.0,2955.3228571428576,0.0,0.42857142857142855,1,purchase_event,2026-05-12T20:05:04.523276
4a869955-42dc-4879-bee2-264b891a88bf,41,interested,5,3,1,1,0,0,135.0,3245.4919999999997,0.6,0.0,0,idle_timeout,2026-05-12T20:05:09.549523
f47a29f1-d2ac-4a7e-a0ac-06ec42bc42cb,66,buyer,7,5,1,0,0,1,263.0,2630.562857142857,0.7142857142857143,0.0,1,purchase_event,2026-05-12T20:05:10.538045
d089bd75-8a2e-4d28-a2b4-1b63e0ddb9f3,35,interested,7,2,2,2,1,0,280.0,2930.567142857143,0.2857142857142857,0.14285714285714285,0,idle_timeout,2026-05-12T20:05:11.553162
15fb3d97-f54e-40b5-a244-bed781cec24e,78,browser,5,2,3,0,0,0,255.0,2424.156,0.4,0.0,0,idle_timeout,2026-05-12T20:05:15.546375
66dff503-24ef-446b-a823-485972a2ce25,42,browser,4,0,3,1,0,0,178.0,1840.835,0.0,0.0,0,idle_timeout,2026-05-12T20:05:17.567464
e2f4bbff-6356-4a87-a31d-ade53f8bff85,3,buyer,6,1,1,1,2,1,228.0,2506.0533333333333,0.16666666666666666,0.3333333333333333,1,purchase_event,2026-05-12T20:05:18.559049
83cb8242-4f7b-473a-a465-c4e1724c2105,53,browser,6,3,3,0,0,0,277.0,2449.2200000000003,0.5,0.0,0,idle_timeout,2026-05-12T20:05:19.568257
614b133c-2338-45ed-a839-e3c49956ff96,32,browser,7,2,4,1,0,0,426.0,2266.155714285714,0.2857142857142857,0.0,0,idle_timeout,2026-05-12T20:05:23.578194
6d18994f-305d-4d7d-8077-b0c4348474ed,59,interested,5,3,1,1,0,0,184.0,2580.826,0.6,0.0,0,idle_timeout,2026-05-12T20:05:25.576491
dd0e2378-6ee8-435d-b525-c58a343993b8,2,browser,4,2,2,0,0,0,227.0,3995.5025,0.5,0.0,0,idle_timeout,2026-05-12T20:05:27.577594
8a317550-a29f-41b5-bf4c-42d1a3c80f72,67,buyer,5,1,0,0,3,1,220.0,2041.2140000000004,0.2,0.6,1,purchase_event,2026-05-12T20:05:28.580575
01b9a597-1909-4b2e-bb12-390d41136a71,45,browser,5,0,3,2,0,0,163.0,2517.67,0.0,0.0,0,idle_timeout,2026-05-12T20:05:29.592509
4dec6a2b-da7c-4a2f-986a-5e2f4e058ed5,82,browser,4,0,3,1,0,0,144.0,2743.9674999999997,0.0,0.0,0,idle_timeout,2026-05-12T20:05:33.592459
21cfc3df-4401-4f2d-96e1-b700f24a1af9,94,browser,7,4,3,0,0,0,267.0,2427.1985714285715,0.5714285714285714,0.0,0,idle_timeout,2026-05-12T20:05:35.595228
98865634-7e73-4c5b-930a-9c71f5eb29a0,65,browser,4,2,0,2,0,0,145.0,2646.1475,0.5,0.0,0,idle_timeout,2026-05-12T20:05:37.609618
5589a1bd-d67a-49a9-8059-7f49f695a2f0,61,browser,7,3,3,1,0,0,237.0,3091.7114285714283,0.42857142857142855,0.0,0,idle_timeout,2026-05-12T20:05:39.610097
57187a53-038f-46be-89da-fcce16ff6024,46,interested,6,1,3,0,2,0,306.0,2293.1766666666667,0.16666666666666666,0.3333333333333333,0,idle_timeout,2026-05-12T20:05:41.625777
4b46ced8-bf24-4e1f-8bfc-d5407b4fdb43,86,interested,7,1,4,1,1,0,300.0,3081.1400000000003,0.14285714285714285,0.14285714285714285,0,idle_timeout,2026-05-12T20:05:43.763763
99672ba1-dcfb-4626-842a-ee545e95d142,55,buyer,8,3,2,1,1,1,322.0,2177.45875,0.375,0.125,1,purchase_event,2026-05-12T20:05:44.772798
5d6d10af-4339-46ed-8ee6-a02148879427,43,browser,5,2,2,1,0,0,218.0,2941.7300000000005,0.4,0.0,0,idle_timeout,2026-05-12T20:05:45.781743
d3b871ae-5b24-4b9b-9e44-499db3ec18bd,86,buyer,6,0,1,1,3,1,332.0,2494.9283333333333,0.0,0.5,1,purchase_event,2026-05-12T20:05:46.776837
875f6a4a-b675-4be9-a07b-99f24240af39,70,buyer,7,0,2,0,4,1,378.0,2339.5228571428574,0.0,0.5714285714285714,1,purchase_event,2026-05-12T20:05:48.780304
d3b25bcb-8ff1-47ff-8cf9-63d28a935752,15,buyer,5,2,0,0,2,1,148.0,2358.576,0.4,0.4,1,purchase_event,2026-05-12T20:05:50.783979
da1cde4a-909e-4f0b-8d62-ccfaa483af17,73,buyer,7,2,1,1,2,1,246.0,2340.2928571428574,0.2857142857142857,0.2857142857142857,1,purchase_event,2026-05-12T20:05:54.796868
